"Name","Team","Season","GP","TOI","W/GP","L/GP","OL/GP","ROW/GP","Points/GP","Points%","GF/GP","GA/GP","GÂ±/GP","Sh%","Sv%"
"Bruins","BOS","22-23",82,4982.8,0.79,0.15,0.06,0.74,1.65,82.3,3.72,2.16,1.56,11.1,92.9
"Blackhawks","CHI","12-13",48,2945.4,0.75,0.15,0.1,0.62,1.6,80.2,3.23,2.12,1.1,10,92.3
"Lightning","T.B","18-19",82,4979.6,0.76,0.2,0.05,0.68,1.56,78,3.96,2.71,1.26,12.2,91.6
"Penguins","PIT","12-13",48,2898.4,0.75,0.25,0,0.69,1.5,75,3.44,2.48,0.96,11.3,91.5
"Panthers","FLA","21-22",82,4984.2,0.71,0.22,0.07,0.67,1.49,74.4,4.15,3,1.15,11,90.4
"Capitals","WSH","09-10",82,5008.6,0.66,0.18,0.16,NA,1.48,73.8,3.88,2.84,1.04,11.6,91
"Capitals","WSH","15-16",82,4982.7,0.68,0.22,0.1,0.63,1.46,73.2,3.07,2.35,0.72,9.9,91.8
"Avalanche","COL","20-21",56,3378.7,0.7,0.23,0.07,0.7,1.46,73.2,3.52,2.38,1.14,10.2,90.7
"Golden Knights","VGK","20-21",56,3396.1,0.71,0.25,0.04,0.7,1.46,73.2,3.41,2.21,1.2,10.4,92
"Avalanche","COL","21-22",82,4967.6,0.68,0.23,0.09,0.63,1.45,72.6,3.8,2.85,0.95,10.7,91.2
"Capitals","WSH","16-17",82,4973.1,0.67,0.23,0.1,0.65,1.44,72,3.21,2.22,0.99,10.5,92.2
"Bruins","BOS","19-20",70,4260.7,0.63,0.2,0.17,0.63,1.43,71.4,3.24,2.49,0.76,10.1,92.1
"Hurricanes","CAR","20-21",56,3417.8,0.64,0.21,0.14,0.57,1.43,71.4,3.2,2.43,0.77,9.8,91.5
"Sharks","S.J","08-09",82,4999.9,0.65,0.22,0.13,NA,1.43,71.3,3.13,2.49,0.65,9.2,91
"Canucks","VAN","10-11",82,4984.9,0.66,0.23,0.11,0.61,1.43,71.3,3.2,2.26,0.94,9.8,92.7
"Bruins","BOS","13-14",82,4978.8,0.66,0.23,0.11,0.62,1.43,71.3,3.18,2.16,1.02,9.9,92.8
"Predators","NSH","17-18",82,5006.7,0.65,0.22,0.13,0.57,1.43,71.3,3.26,2.57,0.68,9.9,92.3
"Jets","WPG","24-25",82,4959.9,0.68,0.27,0.05,0.66,1.41,70.7,3.38,2.33,1.05,11.9,91.5
"Bruins","BOS","08-09",82,4926.9,0.65,0.23,0.12,NA,1.41,70.7,3.34,2.39,0.95,10.9,92.5
"Ducks","ANA","13-14",82,4991,0.66,0.24,0.1,0.62,1.41,70.7,3.24,2.55,0.7,10.3,91.4
"Hurricanes","CAR","21-22",82,4969.4,0.66,0.24,0.1,0.65,1.41,70.7,3.39,2.46,0.93,9.9,91.3
"Panthers","FLA","20-21",56,3409.5,0.66,0.25,0.09,0.64,1.41,70.5,3.38,2.73,0.64,9.6,91
"Maple Leafs","TOR","21-22",82,4968.5,0.66,0.26,0.09,0.62,1.4,70.1,3.84,3.09,0.76,11,90
"Rangers","NYR","23-24",82,4974.6,0.67,0.28,0.05,0.62,1.39,69.5,3.44,2.79,0.65,10.8,90.7
"Jets","WPG","17-18",82,4982.2,0.63,0.24,0.12,0.59,1.39,69.5,3.38,2.66,0.72,10.3,91.7
"Stars","DAL","23-24",82,4982.1,0.63,0.26,0.11,0.59,1.38,68.9,3.63,2.85,0.78,11.4,90.1
"Sharks","S.J","09-10",82,4938.4,0.62,0.24,0.13,NA,1.38,68.9,3.22,2.62,0.6,10,91.9
"Rangers","NYR","14-15",82,4983.1,0.65,0.27,0.09,0.6,1.38,68.9,3.07,2.34,0.73,9.6,92.3
"Lightning","T.B","17-18",82,4979.6,0.66,0.28,0.06,0.59,1.38,68.9,3.61,2.88,0.73,10.8,91.3
"Wild","MIN","21-22",82,4996.6,0.65,0.27,0.09,0.59,1.38,68.9,3.78,3.09,0.7,11.4,90.3
"Hurricanes","CAR","22-23",82,4990.5,0.63,0.26,0.11,0.59,1.38,68.9,3.24,2.6,0.65,9.2,90.1
"Ducks","ANA","12-13",48,2936.3,0.62,0.25,0.12,0.5,1.38,68.8,2.92,2.46,0.46,9.9,91.4
"Penguins","PIT","20-21",56,3399.8,0.66,0.29,0.05,0.61,1.38,68.8,3.5,2.79,0.71,11.5,90.8
"Maple Leafs","TOR","20-21",56,3386.2,0.62,0.25,0.12,0.61,1.38,68.8,3.34,2.64,0.7,10.6,90.5
"Capitals","WSH","20-21",56,3400.7,0.64,0.27,0.09,0.59,1.38,68.8,3.41,2.91,0.5,11.4,90
"Red Wings","DET","08-09",82,4927.7,0.62,0.26,0.12,NA,1.37,68.3,3.6,2.98,0.62,9.7,89.4
"Blackhawks","CHI","09-10",82,5012.6,0.63,0.27,0.1,NA,1.37,68.3,3.3,2.55,0.76,9.4,90.1
"Avalanche","COL","13-14",82,5003,0.63,0.27,0.1,0.57,1.37,68.3,3.05,2.68,0.37,10.1,91.9
"Bruins","BOS","17-18",82,4982.4,0.61,0.24,0.15,0.57,1.37,68.3,3.29,2.61,0.68,9.9,91.2
"Devils","N.J","22-23",82,4987.8,0.63,0.27,0.1,0.61,1.37,68.3,3.55,2.76,0.79,10.2,90.4
"Canucks","VAN","11-12",82,5021.9,0.62,0.27,0.11,0.52,1.35,67.7,3.04,2.41,0.62,9.3,92.4
"Blues","STL","13-14",82,5002,0.63,0.28,0.09,0.52,1.35,67.7,3.02,2.33,0.7,9.9,91.3
"Sharks","S.J","13-14",82,5021,0.62,0.27,0.11,0.5,1.35,67.7,3.04,2.44,0.6,8.4,91.5
"Penguins","PIT","16-17",82,4989.8,0.61,0.26,0.13,0.56,1.35,67.7,3.44,2.85,0.59,10.1,91.4
"Flames","CGY","21-22",82,4966.2,0.61,0.26,0.13,0.59,1.35,67.7,3.57,2.54,1.04,10,91.3
"Maple Leafs","TOR","22-23",82,4964.9,0.61,0.26,0.13,0.6,1.35,67.7,3.4,2.71,0.7,10.6,90.9
"Golden Knights","VGK","22-23",82,4997.5,0.62,0.27,0.11,0.56,1.35,67.7,3.32,2.79,0.52,10.3,91.1
"Hurricanes","CAR","23-24",82,4972.7,0.63,0.28,0.09,0.61,1.35,67.7,3.4,2.63,0.77,10.1,90
"Capitals","WSH","24-25",82,4975.6,0.62,0.27,0.11,0.6,1.35,67.7,3.51,2.83,0.68,12.6,89.7
"Canadiens","MTL","14-15",82,5007.1,0.61,0.27,0.12,0.52,1.34,67.1,2.7,2.3,0.39,9.2,92.6
"Rangers","NYR","21-22",82,4970.8,0.63,0.29,0.07,0.59,1.34,67.1,3.1,2.52,0.57,10.5,91.9
"Lightning","T.B","21-22",82,4988.1,0.62,0.28,0.1,0.6,1.34,67.1,3.5,2.84,0.66,11.2,90.7
"Jets","WPG","23-24",82,4951.1,0.63,0.29,0.07,0.63,1.34,67.1,3.16,2.43,0.73,10.4,91.8
"Panthers","FLA","23-24",82,4970.5,0.63,0.29,0.07,0.6,1.34,67.1,3.27,2.44,0.83,9.6,91.3
"Golden Knights","VGK","24-25",82,4967.8,0.61,0.27,0.12,0.6,1.34,67.1,3.35,2.67,0.68,11.1,90
"Lightning","T.B","20-21",56,3389.3,0.64,0.3,0.05,0.62,1.34,67,3.23,2.62,0.61,10.6,90.8
"Wild","MIN","20-21",56,3401.8,0.62,0.29,0.09,0.61,1.34,67,3.23,2.86,0.38,11.3,90.7
"Rangers","NYR","11-12",82,4998,0.62,0.29,0.09,0.57,1.33,66.5,2.76,2.28,0.48,9.5,92
"Blues","STL","11-12",82,5002.1,0.6,0.27,0.13,0.55,1.33,66.5,2.56,2.01,0.55,8.2,92.9
"Penguins","PIT","13-14",82,4986.9,0.62,0.29,0.09,0.54,1.33,66.5,3.04,2.52,0.51,9.9,91.4
"Ducks","ANA","14-15",82,5002.7,0.62,0.29,0.09,0.52,1.33,66.5,2.88,2.76,0.12,9.3,90.7
"Blues","STL","14-15",82,5003.4,0.62,0.29,0.09,0.51,1.33,66.5,3.02,2.45,0.57,9.4,91.2
"Stars","DAL","15-16",82,4968.4,0.61,0.28,0.11,0.59,1.33,66.5,3.26,2.8,0.45,10.1,90.4
"Blackhawks","CHI","16-17",82,4980,0.61,0.28,0.11,0.56,1.33,66.5,2.98,2.6,0.38,9.6,91.8
"Golden Knights","VGK","17-18",82,4985.7,0.62,0.29,0.09,0.57,1.33,66.5,3.32,2.78,0.54,10,91.1
"Blues","STL","21-22",82,4964.2,0.6,0.27,0.13,0.57,1.33,66.5,3.79,2.95,0.84,12.4,90.8
"Oilers","EDM","22-23",82,4963.6,0.61,0.28,0.11,0.61,1.33,66.5,3.96,3.17,0.79,11.8,90.1
"Avalanche","COL","22-23",82,4996.8,0.62,0.29,0.09,0.55,1.33,66.5,3.41,2.76,0.66,10,91.2
"Canucks","VAN","23-24",82,4964.8,0.61,0.28,0.11,0.61,1.33,66.5,3.4,2.72,0.68,12,90.6
"Bruins","BOS","23-24",82,5002.7,0.57,0.24,0.18,0.52,1.33,66.5,3.26,2.73,0.52,11,91.2
"Blues","STL","19-20",71,4320.9,0.59,0.27,0.14,0.56,1.32,66.2,3.17,2.72,0.45,10.2,91
"Capitals","WSH","08-09",82,4985.6,0.61,0.29,0.1,NA,1.32,65.9,3.32,2.99,0.33,9.8,90.1
"Penguins","PIT","11-12",82,4995.6,0.62,0.3,0.07,0.51,1.32,65.9,3.44,2.7,0.74,9.8,90.3
"Lightning","T.B","14-15",82,4977,0.61,0.29,0.1,0.57,1.32,65.9,3.2,2.57,0.62,10.7,91
"Blue Jackets","CBJ","16-17",82,4969.7,0.61,0.29,0.1,0.59,1.32,65.9,3.04,2.38,0.66,9.7,92.2
"Stars","DAL","22-23",82,4993.1,0.57,0.26,0.17,0.52,1.32,65.9,3.48,2.66,0.82,10.7,91.2
"Maple Leafs","TOR","24-25",82,4960.6,0.63,0.32,0.05,0.62,1.32,65.9,3.27,2.82,0.45,11.6,90.5
"Avalanche","COL","19-20",70,4239.6,0.6,0.29,0.11,0.59,1.31,65.7,3.39,2.73,0.66,10.5,91.3
"Lightning","T.B","19-20",70,4243.1,0.61,0.3,0.09,0.59,1.31,65.7,3.5,2.79,0.71,11.2,91
"Canadiens","MTL","12-13",48,2918.7,0.6,0.29,0.1,0.54,1.31,65.6,3.1,2.62,0.48,9.9,90.4
"Avalanche","COL","23-24",82,4969.4,0.61,0.3,0.09,0.59,1.3,65.2,3.71,3.1,0.61,11.1,89.7
"Coyotes","ARI","09-10",82,5032.6,0.61,0.3,0.09,NA,1.3,65.2,2.74,2.46,0.28,8.4,91.9
"Capitals","WSH","10-11",82,4950.6,0.59,0.28,0.13,0.52,1.3,65.2,2.73,2.4,0.33,8.5,91.9
"Blackhawks","CHI","13-14",82,5007.4,0.56,0.26,0.18,0.49,1.3,65.2,3.26,2.68,0.57,9.6,90.5
"Blues","STL","15-16",82,5005.1,0.6,0.29,0.11,0.54,1.3,65.2,2.73,2.45,0.28,8.9,91.9
"Flames","CGY","18-19",82,4950.9,0.61,0.3,0.09,0.61,1.3,65.2,3.52,2.77,0.76,10.9,90.3
"Bruins","BOS","18-19",82,4983.5,0.6,0.29,0.11,0.57,1.3,65.2,3.16,2.62,0.54,9.6,91.2
"Capitals","WSH","19-20",69,4198,0.59,0.29,0.12,0.54,1.3,65.2,3.48,3.12,0.36,10.7,89.8
"Bruins","BOS","20-21",56,3410.4,0.59,0.29,0.12,0.52,1.3,65.2,3,2.43,0.57,8.8,91.2
"Bruins","BOS","21-22",82,4959.6,0.62,0.32,0.06,0.6,1.3,65.2,3.11,2.68,0.43,8.5,90.7
"Rangers","NYR","22-23",82,4990,0.57,0.27,0.16,0.52,1.3,65.2,3.38,2.67,0.71,10.6,91
"Stars","DAL","24-25",82,4961,0.61,0.32,0.07,0.59,1.29,64.6,3.38,2.73,0.65,11.8,90.7
"Devils","N.J","08-09",82,4992.1,0.62,0.33,0.05,NA,1.29,64.6,2.98,2.55,0.43,8.8,91.4
"Flyers","PHI","10-11",82,4988.3,0.57,0.28,0.15,0.54,1.29,64.6,3.16,2.72,0.44,9.8,91.3
"Penguins","PIT","10-11",82,5016.1,0.6,0.3,0.1,0.48,1.29,64.6,2.9,2.43,0.48,8.8,91.7
"Bruins","BOS","12-13",48,2923.1,0.58,0.29,0.12,0.5,1.29,64.6,2.73,2.27,0.46,8.2,92.3
"Wild","MIN","16-17",82,4967.4,0.6,0.3,0.1,0.56,1.29,64.6,3.24,2.54,0.71,10.4,91.6
"Flyers","PHI","19-20",69,4205.6,0.59,0.3,0.1,0.52,1.29,64.5,3.36,2.84,0.52,10.5,90.3
"Oilers","EDM","20-21",56,3369.1,0.62,0.34,0.04,0.62,1.29,64.3,3.27,2.75,0.52,10.9,91
"Kings","L.A","24-25",82,4963.4,0.59,0.3,0.11,0.57,1.28,64,3.05,2.51,0.54,10.8,90.3
"Sharks","S.J","10-11",82,4998.8,0.59,0.3,0.11,0.52,1.28,64,3.02,2.6,0.43,8.6,91.2
"Ducks","ANA","16-17",82,4979.8,0.56,0.28,0.16,0.52,1.28,64,2.72,2.44,0.28,9.1,91.9
"Capitals","WSH","17-18",82,4975.1,0.6,0.32,0.09,0.56,1.28,64,3.16,2.91,0.24,10.8,90.9
"Maple Leafs","TOR","17-18",82,4988.1,0.6,0.32,0.09,0.51,1.28,64,3.38,2.83,0.55,10.2,91.7
"Oilers","EDM","23-24",82,4969.1,0.6,0.33,0.07,0.57,1.27,63.4,3.59,2.89,0.7,10.6,89.8
"Blackhawks","CHI","08-09",82,4995.6,0.56,0.29,0.15,NA,1.27,63.4,3.22,2.63,0.59,9.7,91.1
"Red Wings","DET","10-11",82,5004.6,0.57,0.3,0.12,0.52,1.27,63.4,3.18,2.94,0.24,9.3,90.6
"Predators","NSH","11-12",82,4982.7,0.59,0.32,0.1,0.52,1.27,63.4,2.89,2.56,0.33,10.3,91.9
"Predators","NSH","14-15",82,5010.1,0.57,0.3,0.12,0.5,1.27,63.4,2.83,2.54,0.29,8.6,91.3
"Penguins","PIT","15-16",82,4984.7,0.59,0.32,0.1,0.54,1.27,63.4,2.99,2.48,0.51,8.9,91.8
"Capitals","WSH","18-19",82,4977.8,0.59,0.32,0.1,0.54,1.27,63.4,3.39,3.04,0.35,11,90.4
"Islanders","NYI","20-21",56,3417.7,0.57,0.3,0.12,0.5,1.27,63.4,2.79,2.29,0.5,9.4,92.1
"Oilers","EDM","21-22",82,4979.2,0.6,0.33,0.07,0.54,1.27,63.4,3.54,3.07,0.46,10.2,90.5
"Kings","L.A","22-23",82,4989.3,0.57,0.3,0.12,0.5,1.27,63.4,3.41,3.13,0.28,10.3,88.9
"Canucks","VAN","09-10",82,4972.8,0.6,0.34,0.06,NA,1.26,62.8,3.32,2.71,0.61,10.6,91
"Devils","N.J","09-10",82,4990,0.59,0.33,0.09,NA,1.26,62.8,2.71,2.33,0.38,8.8,91.6
"Bruins","BOS","10-11",82,4980.1,0.56,0.3,0.13,0.54,1.26,62.8,3,2.38,0.62,9.1,93
"Lightning","T.B","10-11",82,5013.2,0.56,0.3,0.13,0.49,1.26,62.8,3.01,2.93,0.09,9.2,90.1
"Flyers","PHI","11-12",82,5002,0.57,0.32,0.11,0.52,1.26,62.8,3.22,2.83,0.39,9.8,90.3
"Blackhawks","CHI","15-16",82,4972.6,0.57,0.32,0.11,0.56,1.26,62.8,2.87,2.55,0.32,9.4,91.8
"Ducks","ANA","15-16",82,4977,0.56,0.3,0.13,0.52,1.26,62.8,2.66,2.34,0.32,8.7,91.7
"Panthers","FLA","15-16",82,4986.2,0.57,0.32,0.11,0.49,1.26,62.8,2.91,2.48,0.44,9.8,91.7
"Canadiens","MTL","16-17",82,4987.4,0.57,0.32,0.11,0.54,1.26,62.8,2.76,2.44,0.32,9.1,91.8
"Oilers","EDM","16-17",82,4991.1,0.57,0.32,0.11,0.52,1.26,62.8,3.01,2.59,0.43,9.5,91.4
"Islanders","NYI","18-19",82,4983.2,0.59,0.33,0.09,0.52,1.26,62.8,2.78,2.39,0.39,9.4,92.5
"Penguins","PIT","21-22",82,4992.6,0.56,0.3,0.13,0.52,1.26,62.8,3.32,2.79,0.52,9.4,91.4
"Wild","MIN","22-23",82,5018.5,0.56,0.3,0.13,0.48,1.26,62.8,3,2.74,0.26,9.4,91.4
"Blues","STL","12-13",48,2919.8,0.6,0.35,0.04,0.5,1.25,62.5,2.69,2.4,0.29,9.3,90.2
"Penguins","PIT","19-20",69,4194,0.58,0.33,0.09,0.54,1.25,62.3,3.25,2.84,0.41,10,90.4
"Red Wings","DET","09-10",82,5015.1,0.54,0.29,0.17,NA,1.24,62.2,2.79,2.63,0.16,8.1,91.4
"Bruins","BOS","11-12",82,4988.9,0.6,0.35,0.05,0.49,1.24,62.2,3.28,2.46,0.82,9.8,91.8
"Red Wings","DET","11-12",82,4999.3,0.59,0.34,0.07,0.48,1.24,62.2,3.02,2.48,0.55,9.1,91
"Devils","N.J","11-12",82,5013.5,0.59,0.34,0.07,0.44,1.24,62.2,2.78,2.55,0.23,9.6,90.7
"Blackhawks","CHI","14-15",82,4994.2,0.59,0.34,0.07,0.48,1.24,62.2,2.79,2.3,0.49,7.9,92.5
"Kings","L.A","15-16",82,4984.6,0.59,0.34,0.07,0.56,1.24,62.2,2.74,2.38,0.37,8.5,91.5
"Rangers","NYR","16-17",82,4974.2,0.59,0.34,0.07,0.55,1.24,62.2,3.12,2.68,0.44,10.4,91.2
"Maple Leafs","TOR","23-24",82,4995.9,0.56,0.32,0.12,0.5,1.24,62.2,3.7,3.21,0.49,11.2,89.3
"Lightning","T.B","24-25",82,4965.9,0.57,0.33,0.1,0.55,1.24,62.2,3.59,2.67,0.91,12.5,90.6
"Avalanche","COL","24-25",82,4968.1,0.6,0.35,0.05,0.55,1.24,62.2,3.38,2.85,0.52,11.2,89.1
"Penguins","PIT","09-10",82,4932.9,0.57,0.34,0.09,NA,1.23,61.6,3.13,2.89,0.24,9.3,90
"Kings","L.A","09-10",82,5019.9,0.56,0.33,0.11,NA,1.23,61.6,2.94,2.67,0.27,9.7,90.7
"Blackhawks","CHI","11-12",82,5016.2,0.55,0.32,0.13,0.46,1.23,61.6,3.02,2.9,0.12,9.3,90.1
"Lightning","T.B","13-14",82,5013.1,0.56,0.33,0.11,0.46,1.23,61.6,2.93,2.62,0.3,9.5,91.3
"Canucks","VAN","14-15",82,4979.8,0.59,0.35,0.06,0.51,1.23,61.6,2.95,2.71,0.24,9.6,91
"Capitals","WSH","14-15",82,5001.9,0.55,0.32,0.13,0.49,1.23,61.6,2.95,2.48,0.48,9.8,91.6
"Islanders","NYI","14-15",82,5007.9,0.57,0.34,0.09,0.49,1.23,61.6,3.07,2.8,0.27,8.9,90.3
"Rangers","NYR","15-16",82,4974.5,0.56,0.33,0.11,0.52,1.23,61.6,2.88,2.65,0.23,10,91.4
"Wild","MIN","17-18",82,4978.9,0.55,0.32,0.13,0.51,1.23,61.6,3.09,2.83,0.26,10.1,91.1
"Ducks","ANA","17-18",82,5002.3,0.54,0.3,0.16,0.49,1.23,61.6,2.87,2.63,0.23,9.3,92.3
"Sharks","S.J","18-19",82,4962.1,0.56,0.33,0.11,0.56,1.23,61.6,3.52,3.18,0.34,10.7,88.9
"Oilers","EDM","24-25",82,4958.7,0.59,0.35,0.06,0.59,1.23,61.6,3.16,2.88,0.28,9.9,89.4
"Kings","L.A","12-13",48,2917.2,0.56,0.33,0.1,0.52,1.23,61.5,2.77,2.46,0.31,9.2,90.5
"Canucks","VAN","12-13",48,2943.7,0.54,0.31,0.15,0.44,1.23,61.5,2.65,2.52,0.12,9,91.7
"Canucks","VAN","08-09",82,4930.4,0.55,0.33,0.12,NA,1.22,61,3,2.68,0.32,10.5,91.2
"Predators","NSH","09-10",82,4990.8,0.57,0.35,0.07,NA,1.22,61,2.74,2.74,0,8.7,90.8
"Sabres","BUF","09-10",82,4991.8,0.55,0.33,0.12,NA,1.22,61,2.87,2.52,0.34,8.9,92.2
"Canadiens","MTL","13-14",82,4991.6,0.56,0.34,0.1,0.49,1.22,61,2.62,2.49,0.13,9,92.1
"Kings","L.A","13-14",82,5001.5,0.56,0.34,0.1,0.46,1.22,61,2.51,2.12,0.39,7.6,92.2
"Wild","MIN","14-15",82,4973.5,0.56,0.34,0.1,0.51,1.22,61,2.82,2.45,0.37,9,91.3
"Red Wings","DET","14-15",82,5017.6,0.52,0.3,0.17,0.48,1.22,61,2.87,2.7,0.17,9.5,90.9
"Islanders","NYI","15-16",82,5005,0.55,0.33,0.12,0.49,1.22,61,2.83,2.63,0.2,9.4,91.5
"Penguins","PIT","17-18",82,4966.3,0.57,0.35,0.07,0.55,1.22,61,3.32,3.05,0.27,9.6,90.3
"Sharks","S.J","17-18",82,4985.4,0.55,0.33,0.12,0.49,1.22,61,3.07,2.79,0.28,9.1,90.9
"Maple Leafs","TOR","18-19",82,4958.2,0.56,0.34,0.1,0.56,1.22,61,3.49,3.06,0.43,10.4,90.8
"Predators","NSH","18-19",82,4967.4,0.57,0.35,0.07,0.52,1.22,61,2.93,2.61,0.32,8.8,91.4
"Penguins","PIT","18-19",82,4981.5,0.54,0.32,0.15,0.51,1.22,61,3.33,2.94,0.39,9.9,91.3
"Capitals","WSH","21-22",82,4991.8,0.54,0.32,0.15,0.48,1.22,61,3.35,2.99,0.37,10.5,89.8
"Kraken","SEA","22-23",82,4965.6,0.56,0.34,0.1,0.56,1.22,61,3.52,3.12,0.4,11.6,88.6
"Golden Knights","VGK","19-20",71,4313.8,0.55,0.34,0.11,0.51,1.21,60.6,3.2,2.97,0.23,9.1,90
"Penguins","PIT","08-09",82,5009.8,0.55,0.34,0.11,NA,1.21,60.4,3.22,2.91,0.3,10.8,90.6
"Flyers","PHI","08-09",82,5004.8,0.54,0.33,0.13,NA,1.21,60.4,3.22,2.9,0.32,10.7,91.3
"Ducks","ANA","10-11",82,4992.7,0.57,0.37,0.06,0.52,1.21,60.4,2.91,2.87,0.05,10.1,91.2
"Predators","NSH","10-11",82,4994.2,0.54,0.33,0.13,0.46,1.21,60.4,2.67,2.37,0.3,9,92.4
"Coyotes","ARI","10-11",82,4995.5,0.52,0.32,0.16,0.46,1.21,60.4,2.82,2.76,0.06,9.1,91.8
"Senators","OTT","14-15",82,5026.4,0.52,0.32,0.16,0.45,1.21,60.4,2.9,2.62,0.28,9.1,92.1
"Jets","WPG","14-15",82,5009.8,0.52,0.32,0.16,0.44,1.21,60.4,2.8,2.56,0.24,9.1,91.3
"Blues","STL","16-17",82,4964.6,0.56,0.35,0.09,0.54,1.21,60.4,2.87,2.66,0.21,10,90.7
"Sharks","S.J","16-17",82,4955.9,0.56,0.35,0.09,0.54,1.21,60.4,2.7,2.45,0.24,8.9,91.2
"Jets","WPG","18-19",82,4966.7,0.57,0.37,0.06,0.55,1.21,60.4,3.32,2.98,0.34,10.6,91.1
"Hurricanes","CAR","18-19",82,4957.9,0.56,0.35,0.09,0.54,1.21,60.4,2.99,2.72,0.27,8.6,90.6
"Blues","STL","18-19",82,4981,0.55,0.34,0.11,0.51,1.21,60.4,3.01,2.72,0.29,9.4,90.6
"Kings","L.A","21-22",82,4992.2,0.54,0.33,0.13,0.49,1.21,60.4,2.91,2.88,0.04,8.2,90.1
"Predators","NSH","23-24",82,4952.4,0.57,0.37,0.06,0.54,1.21,60.4,3.28,3.02,0.26,10.1,90.1
"Kings","L.A","23-24",82,4976.3,0.54,0.33,0.13,0.51,1.21,60.4,3.12,2.62,0.5,9.7,90.9
"Hurricanes","CAR","24-25",82,4950.3,0.57,0.37,0.06,0.57,1.21,60.4,3.24,2.84,0.4,10.2,88.7
"Flames","CGY","08-09",82,4900.2,0.56,0.37,0.07,NA,1.2,59.8,3.1,3.02,0.07,9.5,89.9
"Kings","L.A","10-11",82,4993.8,0.56,0.37,0.07,0.44,1.2,59.8,2.67,2.41,0.26,8.8,91.4
"Wild","MIN","13-14",82,5020,0.52,0.33,0.15,0.43,1.2,59.8,2.52,2.51,0.01,9.1,91.3
"Penguins","PIT","14-15",82,5001.6,0.52,0.33,0.15,0.48,1.2,59.8,2.7,2.56,0.13,8.4,91.5
"Sharks","S.J","15-16",82,4975.9,0.56,0.37,0.07,0.51,1.2,59.8,2.94,2.56,0.38,9.5,90.8
"Senators","OTT","16-17",82,4994,0.54,0.34,0.12,0.46,1.2,59.8,2.59,2.61,-0.02,8.4,91.5
"Kings","L.A","17-18",82,4982.5,0.55,0.35,0.1,0.52,1.2,59.8,2.91,2.48,0.44,9.3,92
"Flyers","PHI","17-18",82,4996.9,0.51,0.32,0.17,0.49,1.2,59.8,3.06,2.96,0.1,9.5,90.4
"Blue Jackets","CBJ","18-19",82,4953.4,0.57,0.38,0.05,0.55,1.2,59.8,3.15,2.83,0.32,9.9,90.4
"Stars","DAL","21-22",82,4990.8,0.56,0.37,0.07,0.5,1.2,59.8,2.9,3,-0.1,9.4,90.4
"Lightning","T.B","22-23",82,4966.1,0.56,0.37,0.07,0.52,1.2,59.8,3.45,3.1,0.35,10.7,90.2
"Lightning","T.B","23-24",82,4962.7,0.55,0.35,0.1,0.51,1.2,59.8,3.55,3.27,0.28,12,89
"Golden Knights","VGK","23-24",82,4975.2,0.55,0.35,0.1,0.5,1.2,59.8,3.26,2.99,0.27,10.3,90.2
"Panthers","FLA","24-25",82,4973.3,0.57,0.38,0.05,0.5,1.2,59.8,3.07,2.72,0.35,9.5,89.6
"Hurricanes","CAR","19-20",68,4129,0.56,0.37,0.07,0.49,1.19,59.6,3.26,2.84,0.43,9.6,90.3
"Maple Leafs","TOR","12-13",48,2911.2,0.54,0.35,0.1,0.54,1.19,59.4,3.02,2.77,0.25,11.5,91.7
"Capitals","WSH","12-13",48,2909.5,0.56,0.38,0.06,0.5,1.19,59.4,3.1,2.71,0.4,10.8,91.6
"Sharks","S.J","12-13",48,2948.3,0.52,0.33,0.15,0.35,1.19,59.4,2.58,2.42,0.17,7.6,91.9
"Stars","DAL","19-20",69,4191.8,0.54,0.35,0.12,0.51,1.19,59.4,2.61,2.57,0.04,8.4,92
"Senators","OTT","24-25",82,4955.6,0.55,0.37,0.09,0.54,1.18,59.1,2.96,2.85,0.11,10.1,90.1
"Wild","MIN","24-25",82,4976.4,0.55,0.37,0.09,0.51,1.18,59.1,2.78,2.91,-0.13,9.9,90.3
"Hurricanes","CAR","08-09",82,4986,0.55,0.37,0.09,NA,1.18,59.1,2.91,2.76,0.16,8.8,90.9
"Blackhawks","CHI","10-11",82,5000.2,0.54,0.35,0.11,0.46,1.18,59.1,3.15,2.74,0.4,9.6,90.7
"Coyotes","ARI","11-12",82,5012,0.51,0.33,0.16,0.44,1.18,59.1,2.63,2.49,0.15,8.6,92.5
"Flames","CGY","14-15",82,4991,0.55,0.37,0.09,0.5,1.18,59.1,2.94,2.63,0.3,10.6,91.1
"Lightning","T.B","15-16",82,4966.7,0.56,0.38,0.06,0.52,1.18,59.1,2.77,2.45,0.32,9.3,91.6
"Blue Jackets","CBJ","17-18",82,4995.4,0.55,0.37,0.09,0.48,1.18,59.1,2.95,2.8,0.15,8.5,91.2
"Devils","N.J","17-18",82,4989.8,0.54,0.35,0.11,0.48,1.18,59.1,3.02,2.98,0.05,9.3,90.8
"Predators","NSH","21-22",82,4977.4,0.55,0.37,0.09,0.5,1.18,59.1,3.24,3.07,0.17,10.7,90.6
"Islanders","NYI","19-20",68,4146,0.51,0.34,0.15,0.47,1.18,58.8,2.82,2.84,-0.01,9.4,91.1
"Blues","STL","24-25",82,4981.4,0.54,0.37,0.1,0.49,1.17,58.5,3.1,2.84,0.26,11.4,89.6
"Flames","CGY","24-25",82,5002,0.5,0.33,0.17,0.44,1.17,58.5,2.74,2.9,-0.16,9.1,90.1
"Canadiens","MTL","10-11",82,4974,0.54,0.37,0.1,0.5,1.17,58.5,2.63,2.55,0.09,8.2,91.9
"Sabres","BUF","10-11",82,4999.1,0.52,0.35,0.12,0.46,1.17,58.5,2.99,2.79,0.2,8.9,90.9
"Sharks","S.J","11-12",82,5018,0.52,0.35,0.12,0.41,1.17,58.5,2.78,2.56,0.22,7.9,91.3
"Rangers","NYR","13-14",82,4966.9,0.55,0.38,0.07,0.5,1.17,58.5,2.66,2.35,0.3,7.9,92.1
"Bruins","BOS","14-15",82,5025.3,0.5,0.33,0.17,0.45,1.17,58.5,2.6,2.57,0.02,8.2,91.8
"Flyers","PHI","15-16",82,5012.6,0.5,0.33,0.17,0.46,1.17,58.5,2.61,2.66,-0.05,8.3,91.7
"Predators","NSH","15-16",82,4980.2,0.5,0.33,0.17,0.45,1.17,58.5,2.78,2.62,0.16,8.9,90.5
"Panthers","FLA","17-18",82,4972.5,0.54,0.37,0.1,0.5,1.17,58.5,3.02,3,0.02,8.7,91.4
"Canadiens","MTL","18-19",82,4957.7,0.54,0.37,0.1,0.5,1.17,58.5,3.04,2.88,0.16,8.8,90.7
"Oilers","EDM","19-20",71,4300.1,0.52,0.35,0.13,0.49,1.17,58.5,3.17,3.06,0.11,10.6,90.5
"Rangers","NYR","12-13",48,2927.2,0.54,0.38,0.08,0.46,1.17,58.3,2.71,2.33,0.38,8.5,92
"Red Wings","DET","12-13",48,2927.7,0.5,0.33,0.17,0.46,1.17,58.3,2.58,2.4,0.19,8.4,91.7
"Senators","OTT","12-13",48,2931.5,0.52,0.35,0.12,0.44,1.17,58.3,2.42,2.17,0.25,7.1,93.3
"Rangers","NYR","08-09",82,5010.7,0.52,0.37,0.11,NA,1.16,57.9,2.56,2.66,-0.1,7.6,91.3
"Avalanche","COL","09-10",82,4995.3,0.52,0.37,0.11,NA,1.16,57.9,2.98,2.84,0.13,10.4,91.3
"Stars","DAL","10-11",82,5002.2,0.51,0.35,0.13,0.45,1.16,57.9,2.77,2.84,-0.07,9.8,91
"Kings","L.A","11-12",82,5018.4,0.49,0.33,0.18,0.41,1.16,57.9,2.37,2.18,0.18,7.5,92.4
"Kings","L.A","14-15",82,4990.7,0.49,0.33,0.18,0.46,1.16,57.9,2.68,2.5,0.18,8.6,91.1
"Bruins","BOS","16-17",82,4964.1,0.54,0.38,0.09,0.51,1.16,57.9,2.85,2.59,0.27,8.5,90.5
"Maple Leafs","TOR","16-17",82,4991.7,0.49,0.33,0.18,0.48,1.16,57.9,3.06,2.95,0.11,9.6,91.2
"Avalanche","COL","17-18",82,4962.2,0.52,0.37,0.11,0.5,1.16,57.9,3.13,2.89,0.24,10.5,91.4
"Maple Leafs","TOR","19-20",70,4261.9,0.51,0.36,0.13,0.5,1.16,57.9,3.4,3.24,0.16,10.3,90.1
"Blue Jackets","CBJ","19-20",70,4261.8,0.47,0.31,0.21,0.47,1.16,57.9,2.57,2.67,-0.1,7.9,91.3
"Jets","WPG","22-23",82,4951.6,0.56,0.4,0.04,0.55,1.16,57.9,3.01,2.74,0.27,9.9,91
"Islanders","NYI","23-24",82,4983.1,0.48,0.33,0.2,0.46,1.15,57.3,3,3.21,-0.21,9.9,90.4
"Senators","OTT","09-10",82,4986.5,0.54,0.39,0.07,NA,1.15,57.3,2.74,2.9,-0.16,9,90
"Flames","CGY","10-11",82,5018.7,0.5,0.35,0.15,0.39,1.15,57.3,3.05,2.89,0.16,9.6,90.2
"Panthers","FLA","11-12",82,5025.8,0.46,0.32,0.22,0.39,1.15,57.3,2.48,2.77,-0.29,8.1,91.4
"Wild","MIN","12-13",48,2919.8,0.54,0.4,0.06,0.46,1.15,57.3,2.54,2.65,-0.1,8.5,90.4
"Islanders","NYI","12-13",48,2927.3,0.5,0.35,0.15,0.42,1.15,57.3,2.9,2.9,0,9.1,89.9
"Blue Jackets","CBJ","12-13",48,2949.9,0.5,0.35,0.15,0.4,1.15,57.3,2.5,2.48,0.02,9,92
"Flyers","PHI","13-14",82,4991.7,0.51,0.37,0.12,0.48,1.15,57.3,2.88,2.87,0.01,9.4,90.9
"Flames","CGY","16-17",82,4973.9,0.55,0.4,0.05,0.5,1.15,57.3,2.76,2.7,0.06,9.3,90.7
"Predators","NSH","16-17",82,4985.8,0.5,0.35,0.15,0.48,1.15,57.3,2.93,2.73,0.2,9.3,91.1
"Islanders","NYI","16-17",82,4978.6,0.5,0.35,0.15,0.48,1.15,57.3,2.94,2.95,-0.01,9.6,90.9
"Lightning","T.B","16-17",82,4988.1,0.51,0.37,0.12,0.46,1.15,57.3,2.85,2.77,0.09,9.4,91
"Blues","STL","17-18",82,4966.9,0.54,0.39,0.07,0.5,1.15,57.3,2.76,2.71,0.05,8.3,90.9
"Golden Knights","VGK","21-22",82,4979.8,0.52,0.38,0.1,0.48,1.15,57.3,3.24,3.02,0.22,9.3,90.1
"Predators","NSH","20-21",56,3406.8,0.55,0.41,0.04,0.46,1.14,57.1,2.79,2.75,0.04,9,91.2
"Canadiens","MTL","08-09",82,5007,0.5,0.37,0.13,NA,1.13,56.7,3.04,3.01,0.02,9.8,90.8
"Panthers","FLA","08-09",82,4998.3,0.5,0.37,0.13,NA,1.13,56.7,2.85,2.82,0.04,9.6,92.2
"Rangers","NYR","10-11",82,4991.8,0.54,0.4,0.06,0.43,1.13,56.7,2.84,2.41,0.43,9.1,91.9
"Blue Jackets","CBJ","13-14",82,4976.8,0.52,0.39,0.09,0.46,1.13,56.7,2.82,2.63,0.18,9.3,91.5
"Red Wings","DET","13-14",82,5026.5,0.48,0.34,0.18,0.41,1.13,56.7,2.71,2.8,-0.1,8.9,90.8
"Red Wings","DET","15-16",82,4992.9,0.5,0.37,0.13,0.48,1.13,56.7,2.57,2.73,-0.16,8.6,91
"Bruins","BOS","15-16",82,4978.5,0.51,0.38,0.11,0.46,1.13,56.7,2.93,2.8,0.12,9,90.9
"Stars","DAL","18-19",82,4962.6,0.52,0.39,0.09,0.51,1.13,56.7,2.56,2.46,0.1,8.3,92.3
"Golden Knights","VGK","18-19",82,4959.5,0.52,0.39,0.09,0.49,1.13,56.7,3.04,2.8,0.23,8.7,90.5
"Islanders","NYI","22-23",82,4973.2,0.51,0.38,0.11,0.5,1.13,56.7,2.96,2.71,0.26,9.6,91.5
"Flames","CGY","22-23",82,4998.6,0.46,0.33,0.21,0.44,1.13,56.7,3.17,3.07,0.1,8.7,89
"Panthers","FLA","19-20",69,4185.2,0.51,0.38,0.12,0.46,1.13,56.5,3.35,3.3,0.04,10.1,89.9
"Predators","NSH","19-20",69,4196,0.51,0.38,0.12,0.46,1.13,56.5,3.12,3.14,-0.03,9.3,90.1
"Canucks","VAN","19-20",69,4189.2,0.52,0.39,0.09,0.46,1.13,56.5,3.3,3.14,0.16,10.4,90.7
"Rangers","NYR","19-20",70,4225.4,0.53,0.4,0.07,0.51,1.13,56.4,3.34,3.17,0.17,10.7,90.8
"Flames","CGY","19-20",70,4268.6,0.51,0.39,0.1,0.43,1.13,56.4,3,3.07,-0.07,9.2,90.6
"Jets","WPG","19-20",71,4300.9,0.52,0.39,0.08,0.48,1.13,56.3,3.04,2.86,0.18,9.6,91.3
"Jets","WPG","20-21",56,3381.1,0.54,0.41,0.05,0.54,1.12,56.2,3.04,2.75,0.29,10.2,91.1
"Blues","STL","20-21",56,3415.5,0.48,0.36,0.16,0.45,1.12,56.2,3.02,3.04,-0.02,10.3,90
"Blues","STL","08-09",82,4994.8,0.5,0.38,0.12,NA,1.12,56.1,2.84,2.84,0,10,90.3
"Blue Jackets","CBJ","08-09",82,5009.6,0.5,0.38,0.12,NA,1.12,56.1,2.76,2.8,-0.05,9.3,90.2
"Capitals","WSH","11-12",82,4985.8,0.51,0.39,0.1,0.46,1.12,56.1,2.71,2.8,-0.1,9.5,90.9
"Senators","OTT","11-12",82,4995.3,0.5,0.38,0.12,0.43,1.12,56.1,3.04,2.93,0.11,9.4,91
"Stars","DAL","14-15",82,4977.6,0.5,0.38,0.12,0.45,1.12,56.1,3.18,3.17,0.01,10,89.5
"Stars","DAL","17-18",82,4981.2,0.51,0.39,0.1,0.46,1.12,56.1,2.87,2.74,0.12,9,90.9
"Canucks","VAN","21-22",82,4983.9,0.49,0.37,0.15,0.45,1.12,56.1,3.04,2.88,0.16,9.4,91.2
"Panthers","FLA","22-23",82,4960.1,0.51,0.39,0.1,0.49,1.12,56.1,3.54,3.33,0.21,9.5,89.6
"Predators","NSH","22-23",82,4990.4,0.51,0.39,0.1,0.44,1.12,56.1,2.79,2.9,-0.11,9.2,91.4
"Blues","STL","23-24",82,4977.4,0.52,0.4,0.07,0.46,1.12,56.1,2.91,3.05,-0.13,9.9,90.6
"Wild","MIN","19-20",69,4180.4,0.51,0.39,0.1,0.48,1.12,55.8,3.19,3.19,0,10.5,89.7
"Ducks","ANA","08-09",82,4987.6,0.51,0.4,0.09,NA,1.11,55.5,2.99,2.9,0.09,9.6,90.6
"Sabres","BUF","08-09",82,4998.2,0.5,0.39,0.11,NA,1.11,55.5,3.05,2.85,0.2,9.7,91.1
"Bruins","BOS","09-10",82,5032.5,0.48,0.37,0.16,NA,1.11,55.5,2.51,2.44,0.07,7.5,92.2
"Hurricanes","CAR","10-11",82,4936.7,0.49,0.38,0.13,0.43,1.11,55.5,2.88,2.91,-0.04,9.3,91.4
"Stars","DAL","13-14",82,4991.3,0.49,0.38,0.13,0.44,1.11,55.5,2.87,2.78,0.09,8.9,91.1
"Panthers","FLA","14-15",82,5022.8,0.46,0.35,0.18,0.37,1.11,55.5,2.51,2.72,-0.21,7.9,91.2
"Penguins","PIT","22-23",82,4966.2,0.49,0.38,0.13,0.48,1.11,55.5,3.2,3.22,-0.02,9.3,90.2
"Sabres","BUF","22-23",82,4976.9,0.51,0.4,0.09,0.48,1.11,55.5,3.61,3.66,-0.05,11,89.1
"Capitals","WSH","23-24",82,4991.4,0.49,0.38,0.13,0.44,1.11,55.5,2.68,3.13,-0.45,10,89.9
"Red Wings","DET","23-24",82,4980.4,0.5,0.39,0.11,0.46,1.11,55.5,3.39,3.34,0.05,11.6,89.7
"Devils","N.J","24-25",82,4963.5,0.51,0.4,0.09,0.49,1.11,55.5,2.95,2.71,0.24,10.4,89.8
"Canadiens","MTL","24-25",82,4981.9,0.49,0.38,0.13,0.46,1.11,55.5,2.99,3.23,-0.24,11.6,89
"Blues","STL","09-10",82,5002.1,0.49,0.39,0.12,NA,1.1,54.9,2.74,2.72,0.02,8.9,91.2
"Flames","CGY","09-10",82,4979.9,0.49,0.39,0.12,NA,1.1,54.9,2.49,2.56,-0.07,8.5,91.4
"Flames","CGY","11-12",82,5008.1,0.45,0.35,0.2,0.41,1.1,54.9,2.46,2.76,-0.29,8.8,91.4
"Capitals","WSH","13-14",82,5037.1,0.46,0.37,0.17,0.34,1.1,54.9,2.87,2.93,-0.06,9.3,91.7
"Avalanche","COL","14-15",82,5014.9,0.48,0.38,0.15,0.35,1.1,54.9,2.67,2.77,-0.1,9.1,91.8
"Avalanche","COL","18-19",82,4972.7,0.46,0.37,0.17,0.44,1.1,54.9,3.17,3,0.17,9.6,90.7
"Canucks","VAN","24-25",82,5000.4,0.46,0.37,0.17,0.43,1.1,54.9,2.88,3.09,-0.21,11.1,88.6
"Wild","MIN","08-09",82,4986.9,0.49,0.4,0.11,NA,1.09,54.3,2.67,2.44,0.23,9.5,92.2
"Ducks","ANA","09-10",82,4995.9,0.48,0.39,0.13,NA,1.09,54.3,2.9,3.06,-0.16,9.4,91.1
"Stars","DAL","11-12",82,4989,0.51,0.43,0.06,0.43,1.09,54.3,2.57,2.71,-0.13,8.8,91.4
"Sabres","BUF","11-12",82,5010.6,0.48,0.39,0.13,0.39,1.09,54.3,2.66,2.8,-0.15,8.8,91.3
"Coyotes","ARI","13-14",82,5016.4,0.45,0.37,0.18,0.38,1.09,54.3,2.63,2.82,-0.18,8.4,91.2
"Sharks","S.J","14-15",82,4981.6,0.49,0.4,0.11,0.44,1.09,54.3,2.78,2.83,-0.05,8.6,90.7
"Blue Jackets","CBJ","14-15",82,4998.1,0.51,0.43,0.06,0.4,1.09,54.3,2.88,3.05,-0.17,9.6,91
"Jets","WPG","21-22",82,4977.1,0.48,0.39,0.13,0.45,1.09,54.3,3.07,3.13,-0.06,9.5,90.7
"Utah","UTA","24-25",82,4994.2,0.46,0.38,0.16,0.45,1.09,54.3,2.94,3.06,-0.12,10.3,89.1
"Blue Jackets","CBJ","24-25",82,4980.2,0.49,0.4,0.11,0.41,1.09,54.3,3.33,3.27,0.06,11.2,89.1
"Predators","NSH","08-09",82,4996,0.49,0.41,0.1,NA,1.07,53.7,2.6,2.84,-0.24,8.7,90.5
"Flyers","PHI","09-10",82,4969.3,0.5,0.43,0.07,NA,1.07,53.7,2.88,2.74,0.13,9,90.5
"Canadiens","MTL","09-10",82,5016,0.48,0.4,0.12,NA,1.07,53.7,2.65,2.72,-0.07,9,91.7
"Stars","DAL","09-10",82,4958,0.45,0.38,0.17,NA,1.07,53.7,2.89,3.1,-0.21,9.1,90.5
"Avalanche","COL","11-12",82,5006.5,0.5,0.43,0.07,0.39,1.07,53.7,2.54,2.68,-0.15,7.7,91
"Predators","NSH","13-14",82,4989.9,0.46,0.39,0.15,0.44,1.07,53.7,2.63,2.95,-0.32,9,90.1
"Devils","N.J","13-14",82,5014.6,0.43,0.35,0.22,0.43,1.07,53.7,2.4,2.54,-0.13,9,90.7
"Senators","OTT","13-14",82,5008.7,0.45,0.38,0.17,0.37,1.07,53.7,2.88,3.23,-0.35,8.5,90.9
"Flyers","PHI","16-17",82,5007.7,0.48,0.4,0.12,0.39,1.07,53.7,2.67,2.88,-0.21,8.2,90.1
"Penguins","PIT","23-24",82,4971.5,0.46,0.39,0.15,0.44,1.07,53.7,3.11,3.06,0.05,9.4,90
"Rangers","NYR","20-21",56,3390.4,0.48,0.41,0.11,0.46,1.07,53.6,3.16,2.8,0.36,10.9,90.7
"Stars","DAL","20-21",56,3435.2,0.41,0.34,0.25,0.38,1.07,53.6,2.82,2.75,0.07,9.2,90.3
"Jets","WPG","12-13",48,2917.4,0.5,0.44,0.06,0.46,1.06,53.1,2.67,3,-0.33,9.1,90.1
"Coyotes","ARI","12-13",48,2945.2,0.44,0.38,0.19,0.35,1.06,53.1,2.6,2.73,-0.12,8.2,91.5
"Wild","MIN","23-24",82,4984.2,0.48,0.41,0.11,0.44,1.06,53,3.06,3.21,-0.15,10,89.3
"Flyers","PHI","23-24",82,4976.9,0.46,0.4,0.13,0.41,1.06,53,2.87,3.18,-0.32,8.5,88.4
"Rangers","NYR","09-10",82,4977.1,0.46,0.4,0.13,NA,1.06,53,2.71,2.66,0.05,9,91.3
"Blues","STL","10-11",82,4987.8,0.46,0.4,0.13,0.41,1.06,53,2.93,2.85,0.07,9.5,90
"Wild","MIN","15-16",82,4978.5,0.46,0.4,0.13,0.43,1.06,53,2.63,2.51,0.12,9,91.3
"Jets","WPG","16-17",82,4964.8,0.49,0.43,0.09,0.45,1.06,53,3.04,3.12,-0.09,10,90
"Hurricanes","CAR","16-17",82,4993.1,0.44,0.38,0.18,0.4,1.06,53,2.62,2.88,-0.26,8.5,90.1
"Coyotes","ARI","19-20",70,4260.1,0.47,0.41,0.11,0.4,1.06,52.9,2.79,2.67,0.11,8.6,91.9
"Canadiens","MTL","20-21",56,3409.2,0.43,0.38,0.2,0.41,1.05,52.7,2.84,3,-0.16,9,89.6
"Red Wings","DET","24-25",82,4974,0.48,0.43,0.1,0.44,1.05,52.4,2.9,3.16,-0.26,10.4,88.9
"Wild","MIN","10-11",82,4985.2,0.48,0.43,0.1,0.44,1.05,52.4,2.51,2.84,-0.33,9.5,91.3
"Hurricanes","CAR","15-16",82,5004.6,0.43,0.38,0.2,0.4,1.05,52.4,2.41,2.76,-0.34,8,90.2
"Kings","L.A","16-17",82,4978.5,0.48,0.43,0.1,0.45,1.05,52.4,2.45,2.5,-0.05,7.8,90.5
"Coyotes","ARI","18-19",82,4980.4,0.48,0.43,0.1,0.43,1.05,52.4,2.6,2.72,-0.12,8.3,91.3
"Panthers","FLA","18-19",82,4999.2,0.44,0.39,0.17,0.4,1.05,52.4,3.26,3.41,-0.16,9.8,89.2
"Senators","OTT","22-23",82,4965.3,0.48,0.43,0.1,0.45,1.05,52.4,3.18,3.3,-0.12,9.4,89.5
"Rangers","NYR","24-25",82,4949.8,0.48,0.44,0.09,0.46,1.04,51.8,3.12,3.11,0.01,10.9,89.6
"Oilers","EDM","08-09",82,4985,0.46,0.43,0.11,NA,1.04,51.8,2.85,3.02,-0.17,9.9,90.9
"Maple Leafs","TOR","10-11",82,4994.7,0.45,0.41,0.13,0.39,1.04,51.8,2.66,3.06,-0.4,9,90.4
"Senators","OTT","15-16",82,5003.6,0.46,0.43,0.11,0.39,1.04,51.8,2.88,3.01,-0.13,9.9,91
"Flyers","PHI","20-21",56,3420.8,0.45,0.41,0.14,0.39,1.04,51.8,2.91,3.59,-0.68,9.5,88
"Blackhawks","CHI","19-20",70,4256,0.46,0.43,0.11,0.4,1.03,51.4,3.03,3.11,-0.09,9.3,91.3
"Sabres","BUF","23-24",82,4958.4,0.48,0.45,0.07,0.45,1.02,51.2,3,2.98,0.02,9.6,89.9
"Wild","MIN","09-10",82,4994.9,0.46,0.44,0.1,NA,1.02,51.2,2.67,3,-0.33,9.4,90.1
"Lightning","T.B","11-12",82,4991,0.46,0.44,0.1,0.43,1.02,51.2,2.87,3.43,-0.56,10.4,88.9
"Jets","WPG","11-12",82,4985.5,0.45,0.43,0.12,0.4,1.02,51.2,2.74,3,-0.26,8.9,90.2
"Jets","WPG","13-14",82,5013,0.45,0.43,0.12,0.35,1.02,51.2,2.77,2.89,-0.12,8.7,90.7
"Maple Leafs","TOR","13-14",82,5007.2,0.46,0.44,0.1,0.35,1.02,51.2,2.82,3.12,-0.3,9.7,91.4
"Flyers","PHI","14-15",82,5021.4,0.4,0.38,0.22,0.37,1.02,51.2,2.62,2.85,-0.23,8.8,91
"Devils","N.J","15-16",82,4991.3,0.46,0.44,0.1,0.44,1.02,51.2,2.24,2.54,-0.29,9.1,91.4
"Flames","CGY","17-18",82,4979.8,0.45,0.43,0.12,0.43,1.02,51.2,2.66,3.02,-0.37,7.8,90.5
"Blackhawks","CHI","18-19",82,4979.3,0.44,0.41,0.15,0.4,1.02,51.2,3.29,3.56,-0.27,10,89.8
"Islanders","NYI","21-22",82,4970.2,0.45,0.43,0.12,0.43,1.02,51.2,2.82,2.89,-0.07,9.7,91.3
"Flyers","PHI","12-13",48,2900.9,0.48,0.46,0.06,0.46,1.02,51,2.77,2.94,-0.17,9.5,89.9
"Senators","OTT","08-09",82,4993.5,0.44,0.43,0.13,NA,1.01,50.6,2.65,2.89,-0.24,8.9,90.1
"Stars","DAL","08-09",82,5004.6,0.44,0.43,0.13,NA,1.01,50.6,2.8,3.13,-0.33,9.5,89.1
"Thrashers","ATL","09-10",82,4988,0.43,0.41,0.16,NA,1.01,50.6,2.85,3.12,-0.27,9.5,90.8
"Hurricanes","CAR","13-14",82,4979.1,0.44,0.43,0.13,0.41,1.01,50.6,2.52,2.8,-0.28,8,91.1
"Canucks","VAN","13-14",82,5007.9,0.44,0.43,0.13,0.38,1.01,50.6,2.39,2.72,-0.33,7.6,90.7
"Hurricanes","CAR","17-18",82,4982,0.44,0.43,0.13,0.4,1.01,50.6,2.78,3.12,-0.34,8.1,89.3
"Wild","MIN","18-19",82,4968.1,0.45,0.44,0.11,0.44,1.01,50.6,2.57,2.89,-0.32,8.2,90.4
"Canucks","VAN","22-23",82,4991.8,0.46,0.45,0.09,0.39,1.01,50.6,3.37,3.63,-0.27,11.1,88.3
"Hurricanes","CAR","11-12",82,4988.7,0.4,0.4,0.2,0.39,1,50,2.6,2.96,-0.37,8.5,91.1
"Stars","DAL","12-13",48,2906.1,0.46,0.46,0.08,0.42,1,50,2.71,2.96,-0.25,10.2,90.5
"Devils","N.J","12-13",48,2937.8,0.4,0.4,0.21,0.35,1,50,2.33,2.69,-0.35,8.1,89
"Sabres","BUF","12-13",48,2946.1,0.44,0.44,0.12,0.29,1,50,2.6,2.98,-0.38,8.8,91.3
"Avalanche","COL","15-16",82,4958.5,0.48,0.48,0.05,0.43,1,50,2.63,2.93,-0.29,9,90.9
"Canadiens","MTL","15-16",82,4973.8,0.46,0.46,0.07,0.4,1,50,2.7,2.88,-0.18,8.6,90.3
"Flyers","PHI","18-19",82,4963.8,0.45,0.45,0.1,0.41,1,50,2.98,3.43,-0.45,9.3,89.5
"Canadiens","MTL","19-20",71,4309.9,0.44,0.44,0.13,0.38,1,50,2.99,3.11,-0.13,8.6,90
"Islanders","NYI","24-25",82,4978,0.43,0.43,0.15,0.4,1,50,2.73,3.17,-0.44,9.2,89.1
"Maple Leafs","TOR","08-09",82,4945.9,0.41,0.43,0.16,NA,0.99,49.4,3.05,3.57,-0.52,9.4,88.5
"Devils","N.J","10-11",82,4975.9,0.46,0.48,0.06,0.43,0.99,49.4,2.12,2.55,-0.43,7.3,90.4
"Blue Jackets","CBJ","10-11",82,5011.6,0.41,0.43,0.16,0.35,0.99,49.4,2.62,3.15,-0.52,8.4,89.8
"Wild","MIN","11-12",82,5030.6,0.43,0.44,0.13,0.29,0.99,49.4,2.16,2.76,-0.6,7.6,91.6
"Sabres","BUF","15-16",82,4991.1,0.43,0.44,0.13,0.4,0.99,49.4,2.45,2.71,-0.26,8.2,91.4
"Panthers","FLA","16-17",82,5007.4,0.43,0.44,0.13,0.37,0.99,49.4,2.56,2.89,-0.33,7.8,91.1
"Canucks","VAN","18-19",82,5010,0.43,0.44,0.13,0.35,0.99,49.4,2.74,3.1,-0.35,9,90.5
"Blue Jackets","CBJ","21-22",82,4971.9,0.45,0.46,0.09,0.4,0.99,49.4,3.2,3.66,-0.46,10.5,89.7
"Blues","STL","22-23",82,4969.5,0.45,0.46,0.09,0.41,0.99,49.4,3.21,3.67,-0.46,11.1,88.8
"Devils","N.J","23-24",82,4949.3,0.46,0.48,0.06,0.46,0.99,49.4,3.22,3.45,-0.23,10.5,88.6
"Flames","CGY","23-24",82,4962.2,0.46,0.48,0.06,0.46,0.99,49.4,3.09,3.3,-0.22,9.8,89.1
"Kraken","SEA","23-24",82,4994,0.41,0.43,0.16,0.38,0.99,49.4,2.65,2.88,-0.23,9.1,90.3
"Sabres","BUF","19-20",69,4184.5,0.43,0.45,0.12,0.41,0.99,49.3,2.83,3.14,-0.32,9.5,90
"Devils","N.J","19-20",69,4204.7,0.41,0.42,0.17,0.35,0.99,49.3,2.74,3.33,-0.59,8.7,90.1
"Flames","CGY","20-21",56,3376.8,0.46,0.48,0.05,0.45,0.98,49.1,2.79,2.88,-0.09,9.2,89.9
"Blackhawks","CHI","20-21",56,3415.3,0.43,0.45,0.12,0.39,0.98,49.1,2.88,3.32,-0.45,9.7,90.3
"Hurricanes","CAR","09-10",82,4926.7,0.43,0.45,0.12,NA,0.98,48.8,2.8,3.12,-0.32,9.4,90.2
"Lightning","T.B","09-10",82,5002,0.41,0.44,0.15,NA,0.98,48.8,2.65,3.17,-0.52,9,90.2
"Thrashers","ATL","10-11",82,5012.8,0.41,0.44,0.15,0.35,0.98,48.8,2.72,3.28,-0.56,8.4,90.1
"Ducks","ANA","11-12",82,4986.9,0.41,0.44,0.15,0.38,0.98,48.8,2.49,2.82,-0.33,8.8,90.5
"Maple Leafs","TOR","11-12",82,4986.7,0.43,0.45,0.12,0.38,0.98,48.8,2.82,3.22,-0.4,9.8,89.8
"Islanders","NYI","17-18",82,4983.5,0.43,0.45,0.12,0.39,0.98,48.8,3.22,3.61,-0.39,10.1,90
"Ducks","ANA","18-19",82,4972,0.43,0.45,0.12,0.39,0.98,48.8,2.43,3.06,-0.63,8.6,90.9
"Red Wings","DET","22-23",82,4983.2,0.43,0.45,0.12,0.39,0.98,48.8,2.93,3.4,-0.48,10.3,89
"Capitals","WSH","22-23",82,4977.3,0.43,0.45,0.12,0.4,0.98,48.8,3.11,3.23,-0.12,9.9,89.8
"Penguins","PIT","24-25",82,4982.6,0.41,0.44,0.15,0.4,0.98,48.8,2.96,3.57,-0.61,10.4,88.4
"Ducks","ANA","24-25",82,4989.3,0.43,0.45,0.12,0.38,0.98,48.8,2.7,3.21,-0.51,9.6,90.1
"Coyotes","ARI","08-09",82,4901.5,0.44,0.48,0.09,NA,0.96,48.2,2.54,3.07,-0.54,8.9,90.3
"Kings","L.A","08-09",82,5002.3,0.41,0.45,0.13,NA,0.96,48.2,2.52,2.85,-0.33,8.5,90.2
"Islanders","NYI","09-10",82,4955.2,0.41,0.45,0.13,NA,0.96,48.2,2.71,3.22,-0.51,8.5,90.2
"Blue Jackets","CBJ","09-10",82,4937.4,0.39,0.43,0.18,NA,0.96,48.2,2.63,3.16,-0.52,9.1,89.9
"Islanders","NYI","11-12",82,4999.6,0.41,0.45,0.13,0.33,0.96,48.2,2.48,3.11,-0.63,8.1,89.8
"Islanders","NYI","13-14",82,5016,0.41,0.45,0.13,0.3,0.96,48.2,2.74,3.26,-0.51,8.5,89.4
"Stars","DAL","16-17",82,4960.1,0.41,0.45,0.13,0.4,0.96,48.2,2.72,3.2,-0.48,8.9,89.4
"Red Wings","DET","16-17",82,5018.6,0.4,0.44,0.16,0.29,0.96,48.2,2.52,2.98,-0.45,8.5,90.3
"Oilers","EDM","18-19",82,4967.6,0.43,0.46,0.11,0.39,0.96,48.2,2.83,3.34,-0.51,9.6,89.6
"Coyotes","ARI","20-21",56,3399.3,0.43,0.46,0.11,0.38,0.96,48.2,2.73,3.14,-0.41,9.8,89.8
"Sabres","BUF","24-25",82,4972.1,0.44,0.48,0.09,0.39,0.96,48.2,3.28,3.52,-0.24,11.6,87.9
"Canadiens","MTL","11-12",82,5017.9,0.38,0.43,0.2,0.32,0.95,47.6,2.59,2.76,-0.17,8.8,91.2
"Devils","N.J","14-15",82,4998.1,0.39,0.44,0.17,0.33,0.95,47.6,2.21,2.63,-0.43,8.8,91.7
"Coyotes","ARI","15-16",82,4956.2,0.43,0.48,0.1,0.41,0.95,47.6,2.55,2.99,-0.44,9.2,90.4
"Jets","WPG","15-16",82,4971.4,0.43,0.48,0.1,0.39,0.95,47.6,2.62,2.91,-0.29,8.7,90.3
"Sabres","BUF","16-17",82,4984.9,0.4,0.45,0.15,0.38,0.95,47.6,2.45,2.89,-0.44,8,91.8
"Oilers","EDM","17-18",82,4976.5,0.44,0.49,0.07,0.38,0.95,47.6,2.85,3.21,-0.35,8.4,90.1
"Rangers","NYR","18-19",82,5002.7,0.39,0.44,0.17,0.32,0.95,47.6,2.77,3.32,-0.55,9.2,90.4
"Senators","OTT","23-24",82,4975,0.45,0.5,0.05,0.39,0.95,47.6,3.11,3.43,-0.32,9.6,88.5
"Ducks","ANA","19-20",71,4321,0.41,0.46,0.13,0.34,0.94,47.2,2.63,3.18,-0.55,8.6,90.2
"Panthers","FLA","09-10",82,5008.2,0.39,0.45,0.16,NA,0.94,47,2.54,2.98,-0.44,8.7,91.6
"Flames","CGY","13-14",82,4995,0.43,0.49,0.09,0.34,0.94,47,2.55,2.94,-0.39,9.2,89.9
"Flames","CGY","15-16",82,4973.2,0.43,0.49,0.09,0.4,0.94,47,2.82,3.17,-0.35,9.5,89.2
"Rangers","NYR","17-18",82,4979.5,0.41,0.48,0.11,0.38,0.94,47,2.82,3.27,-0.45,9,90.9
"Sharks","S.J","21-22",82,4975.6,0.39,0.45,0.16,0.35,0.94,47,2.61,3.22,-0.61,8.8,90
"Coyotes","ARI","23-24",82,4964,0.44,0.5,0.06,0.41,0.94,47,3.12,3.34,-0.22,11.2,89.5
"Oilers","EDM","12-13",48,2923.7,0.4,0.46,0.15,0.35,0.94,46.9,2.6,2.79,-0.19,9.6,91.7
"Canadiens","MTL","23-24",82,5013.1,0.37,0.44,0.2,0.32,0.93,46.3,2.88,3.52,-0.65,10.2,89.7
"Kraken","SEA","24-25",82,4958.8,0.43,0.5,0.07,0.4,0.93,46.3,3.01,3.23,-0.22,10.9,88.8
"Bruins","BOS","24-25",82,4974,0.4,0.48,0.12,0.4,0.93,46.3,2.71,3.32,-0.61,10.2,88.5
"Flyers","PHI","24-25",82,4995.2,0.4,0.48,0.12,0.33,0.93,46.3,2.9,3.49,-0.59,10.5,87.2
"Thrashers","ATL","08-09",82,4981.5,0.43,0.5,0.07,NA,0.93,46.3,3.13,3.41,-0.28,10.8,89.6
"Blue Jackets","CBJ","15-16",82,4985.3,0.41,0.49,0.1,0.34,0.93,46.3,2.67,3.07,-0.4,8.9,90.3
"Blackhawks","CHI","17-18",82,4966.3,0.4,0.48,0.12,0.39,0.93,46.3,2.79,3.12,-0.33,8.2,90.6
"Sabres","BUF","18-19",82,4994.4,0.4,0.48,0.12,0.34,0.93,46.3,2.76,3.3,-0.55,8.2,90.1
"Ducks","ANA","21-22",82,5002,0.38,0.45,0.17,0.33,0.93,46.3,2.83,3.3,-0.48,9.5,90.2
"Canucks","VAN","15-16",82,5004.4,0.38,0.46,0.16,0.32,0.91,45.7,2.33,2.96,-0.63,8,91
"Kings","L.A","19-20",70,4240.2,0.41,0.5,0.09,0.4,0.91,45.7,2.54,3.03,-0.49,7.6,89.9
"Sabres","BUF","21-22",82,4974.5,0.39,0.48,0.13,0.35,0.91,45.7,2.83,3.54,-0.71,9.3,89.4
"Flyers","PHI","22-23",82,4973,0.38,0.46,0.16,0.35,0.91,45.7,2.71,3.38,-0.67,9.1,89.3
"Senators","OTT","20-21",56,3392.1,0.41,0.5,0.09,0.38,0.91,45.5,2.8,3.39,-0.59,9.3,89.5
"Maple Leafs","TOR","09-10",82,5003.2,0.37,0.46,0.17,NA,0.9,45.1,2.61,3.26,-0.65,7.9,89.2
"Senators","OTT","10-11",82,4972,0.39,0.49,0.12,0.37,0.9,45.1,2.34,3.05,-0.71,8,90.4
"Oilers","EDM","11-12",82,4987.3,0.39,0.49,0.12,0.33,0.9,45.1,2.59,2.91,-0.33,9.5,90.8
"Red Wings","DET","18-19",82,4997,0.39,0.49,0.12,0.35,0.9,45.1,2.77,3.38,-0.61,9.4,90.1
"Red Wings","DET","21-22",82,4982.1,0.39,0.49,0.12,0.35,0.9,45.1,2.8,3.8,-1,9.4,88.8
"Sharks","S.J","19-20",70,4233.4,0.41,0.51,0.07,0.39,0.9,45,2.6,3.23,-0.63,8.6,89.5
"Canucks","VAN","20-21",56,3389.2,0.41,0.52,0.07,0.36,0.89,44.6,2.7,3.36,-0.66,9.1,90
"Islanders","NYI","10-11",82,5013.1,0.37,0.48,0.16,0.32,0.89,44.5,2.79,3.22,-0.43,9.3,90.2
"Canucks","VAN","17-18",82,4973,0.38,0.49,0.13,0.38,0.89,44.5,2.66,3.22,-0.56,8.8,90.2
"Red Wings","DET","17-18",82,4984,0.37,0.48,0.16,0.3,0.89,44.5,2.65,3.11,-0.46,8.5,90.3
"Senators","OTT","21-22",82,4967,0.4,0.51,0.09,0.37,0.89,44.5,2.77,3.24,-0.48,9.1,90.4
"Panthers","FLA","10-11",82,5004.1,0.37,0.49,0.15,0.32,0.88,43.9,2.38,2.79,-0.41,7.7,91.5
"Devils","N.J","18-19",82,4984.4,0.38,0.5,0.12,0.34,0.88,43.9,2.71,3.35,-0.65,8.8,89.6
"Flames","CGY","12-13",48,2901.2,0.4,0.52,0.08,0.4,0.88,43.8,2.67,3.33,-0.67,9.9,88.9
"Hurricanes","CAR","12-13",48,2898.4,0.4,0.52,0.08,0.38,0.88,43.8,2.67,3.33,-0.67,8.2,89.7
"Kings","L.A","20-21",56,3390.6,0.38,0.5,0.12,0.36,0.88,43.8,2.55,3.04,-0.48,8.9,90.3
"Sharks","S.J","20-21",56,3409.3,0.38,0.5,0.12,0.29,0.88,43.8,2.7,3.55,-0.86,8.7,89.1
"Senators","OTT","19-20",71,4322.9,0.35,0.48,0.17,0.34,0.87,43.7,2.69,3.42,-0.73,8.7,90
"Hurricanes","CAR","14-15",82,4999,0.37,0.5,0.13,0.3,0.87,43.3,2.29,2.76,-0.46,7.3,90.2
"Canadiens","MTL","17-18",82,4979.7,0.35,0.49,0.16,0.33,0.87,43.3,2.55,3.22,-0.67,7.7,90.3
"Kings","L.A","18-19",82,4980.7,0.38,0.51,0.11,0.34,0.87,43.3,2.46,3.21,-0.74,8.4,90
"Red Wings","DET","20-21",56,3403.1,0.34,0.48,0.18,0.3,0.86,42.9,2.27,3.05,-0.79,8.2,90.6
"Blue Jackets","CBJ","20-21",56,3419.8,0.32,0.46,0.21,0.27,0.86,42.9,2.45,3.34,-0.89,8.2,89.9
"Predators","NSH","12-13",48,2929.4,0.33,0.48,0.19,0.29,0.85,42.7,2.31,2.9,-0.58,8.8,90
"Oilers","EDM","15-16",82,4981.9,0.38,0.52,0.1,0.33,0.85,42.7,2.48,2.99,-0.51,8.3,90.5
"Devils","N.J","16-17",82,4987.6,0.34,0.49,0.17,0.3,0.85,42.7,2.23,2.98,-0.74,7.9,90.6
"Coyotes","ARI","16-17",82,4985.8,0.37,0.51,0.12,0.29,0.85,42.7,2.4,3.17,-0.77,8.4,90.8
"Coyotes","ARI","17-18",82,4999.2,0.35,0.5,0.15,0.33,0.85,42.7,2.54,3.12,-0.59,8.4,90.5
"Coyotes","ARI","22-23",82,4991.8,0.34,0.49,0.17,0.3,0.85,42.7,2.78,3.65,-0.87,10.6,89.7
"Avalanche","COL","08-09",82,4989.7,0.39,0.55,0.06,NA,0.84,42.1,2.43,3.13,-0.71,8.1,89.3
"Maple Leafs","TOR","15-16",82,4996.5,0.35,0.51,0.13,0.28,0.84,42.1,2.41,3,-0.59,7.6,90.4
"Canucks","VAN","16-17",82,4979.6,0.37,0.52,0.11,0.32,0.84,42.1,2.22,2.96,-0.74,7.8,90.8
"Lightning","T.B","12-13",48,2904.3,0.38,0.54,0.08,0.35,0.83,41.7,3.08,3.12,-0.04,11.1,89.9
"Avalanche","COL","10-11",82,4990.5,0.37,0.54,0.1,0.29,0.83,41.5,2.77,3.51,-0.74,9.2,89
"Maple Leafs","TOR","14-15",82,4990,0.37,0.54,0.1,0.3,0.83,41.5,2.57,3.2,-0.62,8.6,90.6
"Blackhawks","CHI","21-22",82,4996.3,0.34,0.51,0.15,0.27,0.83,41.5,2.67,3.55,-0.88,9,89.3
"Canadiens","MTL","22-23",82,4973.6,0.38,0.55,0.07,0.32,0.83,41.5,2.83,3.74,-0.91,10.1,88.9
"Predators","NSH","24-25",82,4955,0.37,0.54,0.1,0.34,0.83,41.5,2.61,3.34,-0.73,8.8,88.3
"Oilers","EDM","13-14",82,4981.9,0.35,0.54,0.11,0.3,0.82,40.9,2.48,3.29,-0.82,9,90.1
"Senators","OTT","17-18",82,4985.1,0.34,0.52,0.13,0.32,0.82,40.9,2.7,3.55,-0.85,8.7,89.5
"Avalanche","COL","12-13",48,2930.5,0.33,0.52,0.15,0.29,0.81,40.6,2.42,3.17,-0.75,8.1,90.1
"Blue Jackets","CBJ","23-24",82,4978.6,0.33,0.52,0.15,0.29,0.8,40.2,2.89,3.66,-0.77,9.5,89.5
"Lightning","T.B","08-09",82,5008.2,0.29,0.49,0.22,NA,0.8,40.2,2.56,3.4,-0.84,8.9,90
"Panthers","FLA","13-14",82,4996.9,0.35,0.55,0.1,0.26,0.8,40.2,2.39,3.27,-0.88,7.7,89.7
"Devils","N.J","20-21",56,3402.9,0.34,0.54,0.12,0.34,0.8,40.2,2.59,3.46,-0.88,9,89.1
"Blue Jackets","CBJ","11-12",82,4973.8,0.35,0.56,0.09,0.3,0.79,39.6,2.46,3.2,-0.73,8.1,89.9
"Senators","OTT","18-19",82,4944.6,0.35,0.57,0.07,0.35,0.78,39,2.95,3.68,-0.73,10,89.7
"Ducks","ANA","20-21",56,3400.2,0.3,0.54,0.16,0.27,0.77,38.4,2.25,3.2,-0.95,8.3,89.7
"Devils","N.J","21-22",82,4978.5,0.33,0.56,0.11,0.29,0.77,38.4,3.02,3.74,-0.72,9.6,88.1
"Oilers","EDM","09-10",82,4997.1,0.33,0.57,0.1,NA,0.76,37.8,2.61,3.46,-0.85,8.9,89.8
"Oilers","EDM","10-11",82,4989.6,0.3,0.55,0.15,0.28,0.76,37.8,2.35,3.28,-0.93,8.7,90
"Oilers","EDM","14-15",82,5004.3,0.29,0.54,0.17,0.23,0.76,37.8,2.41,3.45,-1.04,8.3,88.8
"Sabres","BUF","17-18",82,4974,0.3,0.55,0.15,0.29,0.76,37.8,2.43,3.41,-0.99,7.7,89.6
"Panthers","FLA","12-13",48,2914.8,0.31,0.56,0.12,0.25,0.75,37.5,2.33,3.56,-1.23,7.8,88.6
"Islanders","NYI","08-09",82,4976.5,0.32,0.57,0.11,NA,0.74,37.2,2.45,3.4,-0.95,8.3,90
"Flyers","PHI","21-22",82,4968.8,0.3,0.56,0.13,0.29,0.74,37.2,2.57,3.63,-1.06,8.3,89.4
"Blackhawks","CHI","24-25",82,4964.5,0.3,0.56,0.13,0.28,0.74,37.2,2.76,3.61,-0.85,11.2,88.5
"Kraken","SEA","21-22",82,4949.8,0.33,0.6,0.07,0.29,0.73,36.6,2.63,3.48,-0.84,8.9,88
"Sharks","S.J","22-23",82,4984.7,0.27,0.54,0.2,0.26,0.73,36.6,2.85,3.91,-1.06,9.6,88.1
"Blackhawks","CHI","22-23",82,4967.4,0.32,0.6,0.09,0.29,0.72,36,2.49,3.67,-1.18,9.1,89.2
"Blue Jackets","CBJ","22-23",82,4967,0.3,0.59,0.11,0.29,0.72,36,2.61,4.02,-1.41,8.9,88.7
"Ducks","ANA","23-24",82,4951.6,0.33,0.61,0.06,0.32,0.72,36,2.49,3.6,-1.11,9.2,89
"Ducks","ANA","22-23",82,4985.6,0.28,0.57,0.15,0.24,0.71,35.4,2.55,4.12,-1.57,8.9,89.6
"Coyotes","ARI","21-22",82,4969.4,0.3,0.61,0.09,0.29,0.7,34.8,2.52,3.82,-1.29,9.7,89.4
"Coyotes","ARI","14-15",82,4995.4,0.29,0.61,0.1,0.23,0.68,34.1,2.07,3.32,-1.24,6.9,90.2
"Canadiens","MTL","21-22",82,4972.2,0.27,0.6,0.13,0.23,0.67,33.5,2.7,3.89,-1.2,8.9,88.8
"Sabres","BUF","20-21",56,3404.3,0.27,0.61,0.12,0.2,0.66,33,2.46,3.55,-1.09,8.4,89.6
"Sabres","BUF","14-15",82,4990,0.28,0.62,0.1,0.18,0.66,32.9,1.96,3.34,-1.38,7.7,90.8
"Sharks","S.J","24-25",82,4973.2,0.24,0.61,0.15,0.22,0.63,31.7,2.56,3.84,-1.28,9.4,88.1
"Blackhawks","CHI","23-24",82,4950,0.28,0.65,0.07,0.27,0.63,31.7,2.18,3.54,-1.35,8.3,89.2
"Sabres","BUF","13-14",82,4994.5,0.26,0.62,0.12,0.17,0.63,31.7,1.91,3.02,-1.11,7,91.4
"Avalanche","COL","16-17",82,4953.8,0.27,0.68,0.05,0.26,0.59,29.3,2.02,3.39,-1.37,7.2,89.4
"Sharks","S.J","23-24",82,4970.1,0.23,0.66,0.11,0.22,0.57,28.7,2.21,4.04,-1.83,8.7,88.7
"Red Wings","DET","19-20",71,4290.5,0.24,0.69,0.07,0.2,0.55,27.5,2.04,3.76,-1.72,7.4,88.6
