"Name","Team","Season","GP","TOI","FF/60","FA/60","xGF/FF","xGA/FA","RF/60","RA/60","QF/60","QA/60","R±/60","Q±/60","Sh±/60","Sv±/60","G±/60"
"Bruins","BOS","22-23",82,3964.32,2.48,-2.66,0.0016,-0.0011,0.16,-0.17,0.07,-0.04,0.32,0.11,0.39,0.65,1.48
"Blackhawks","CHI","12-13",48,2414.43,2.64,-6.96,0,0.0042,0.15,-0.39,0,0.14,0.54,-0.14,0.45,0.26,1.12
"Avalanche","COL","20-21",56,2701.57,7.73,-7.66,-0.0038,-0.0065,0.47,-0.47,-0.18,-0.21,0.94,0.03,0.35,-0.22,1.1
"Capitals","WSH","09-10",82,3963.48,3.9,-0.31,0.0004,0.0009,0.22,-0.02,0.02,0.04,0.24,-0.02,0.65,0.19,1.07
"Bruins","BOS","13-14",82,4111.57,3.7,-3.52,-0.0035,-0.0039,0.21,-0.2,-0.16,-0.14,0.4,-0.01,0.35,0.3,1.03
"Golden Knights","VGK","20-21",56,2796.42,4.62,-3.2,0.0032,0.0041,0.28,-0.2,0.14,0.15,0.48,-0.01,0.24,0.29,1.01
"Capitals","WSH","16-17",82,4035.78,1.31,-2.71,-0.0001,0.0026,0.07,-0.15,0,0.1,0.23,-0.1,0.38,0.5,1
"Penguins","PIT","12-13",48,2333.57,1.43,-0.07,-0.0013,-0.0043,0.08,0,-0.05,-0.17,0.09,0.12,0.59,0.19,0.98
"Panthers","FLA","21-22",82,4057.83,8.08,-4.05,0.0038,0.0043,0.5,-0.25,0.19,0.16,0.76,0.03,0.13,0.06,0.97
"Ducks","ANA","13-14",82,3989.05,1.67,0.01,0.0041,0.001,0.09,0,0.17,0.04,0.09,0.13,0.45,0.23,0.91
"Wild","MIN","21-22",82,3999.03,1.19,-1.71,-0.0064,-0.01,0.07,-0.11,-0.27,-0.4,0.18,0.13,0.8,-0.23,0.89
"Flames","CGY","21-22",82,4085.03,7.41,-3.53,-0.0056,-0.0029,0.46,-0.22,-0.28,-0.11,0.68,-0.17,0.2,0.16,0.87
"Jets","WPG","23-24",82,4071.27,1.95,-1.62,0.0013,0.0009,0.12,-0.1,0.06,0.03,0.22,0.02,-0.04,0.67,0.87
"Bruins","BOS","08-09",81,3889.17,0.44,-1.68,-0.0011,-0.0008,0.03,-0.1,-0.04,-0.03,0.12,-0.01,0.31,0.4,0.82
"Maple Leafs","TOR","20-21",56,2809.87,1.9,-2.67,0.0024,-0.0044,0.12,-0.16,0.1,-0.16,0.28,0.26,0.31,-0.03,0.82
"Jets","WPG","24-25",82,4195.08,1.4,-1.09,0.0027,-0.0009,0.08,-0.07,0.11,-0.04,0.15,0.15,-0.08,0.6,0.82
"Red Wings","DET","11-12",82,4018.03,3.37,-4.59,-0.0013,0.0001,0.19,-0.26,-0.06,0,0.45,-0.06,0.31,0.11,0.81
"Avalanche","COL","19-20",70,3413.43,2.43,-1.85,-0.0052,-0.005,0.15,-0.11,-0.23,-0.2,0.26,-0.03,0.53,0.05,0.81
"Hurricanes","CAR","21-22",82,4018.9,7.18,-3.98,0.001,0.004,0.45,-0.25,0.05,0.15,0.7,-0.1,-0.11,0.32,0.8
"Lightning","T.B","17-18",82,4019.83,2.8,-1.24,-0.0011,-0.0043,0.16,-0.07,-0.05,-0.18,0.23,0.13,0.53,-0.12,0.77
"Lightning","T.B","18-19",82,4040.47,2.58,-1.34,-0.0014,-0.0034,0.15,-0.08,-0.06,-0.14,0.23,0.07,0.63,-0.17,0.77
"Canucks","VAN","23-24",82,4012.7,-0.56,-4.31,0.0033,0.0029,-0.03,-0.26,0.14,0.11,0.23,0.03,0.25,0.26,0.77
"Bruins","BOS","11-12",82,4093.9,4.49,-1.93,-0.0042,-0.0045,0.25,-0.11,-0.19,-0.17,0.36,-0.01,0.58,-0.17,0.75
"Lightning","T.B","19-20",70,3405.82,1.03,-2.61,-0.002,-0.0058,0.06,-0.16,-0.08,-0.23,0.22,0.14,0.52,-0.13,0.75
"Avalanche","COL","21-22",82,4027.92,3.82,-1.42,-0.0056,-0.0052,0.24,-0.09,-0.26,-0.21,0.33,-0.05,0.47,0,0.75
"Bruins","BOS","10-11",82,4038.38,3.08,1.85,-0.0029,-0.0022,0.17,0.1,-0.13,-0.09,0.07,-0.03,0.27,0.43,0.74
"Kraken","SEA","22-23",82,4094.37,1.33,-4.63,-0.0018,0.0042,0.08,-0.29,-0.08,0.16,0.37,-0.23,0.57,0.03,0.73
"Rangers","NYR","14-15",82,4130.02,1.27,0.79,0.0051,0.0031,0.07,0.04,0.21,0.13,0.03,0.08,0.2,0.41,0.71
"Kings","L.A","24-25",82,4131.65,3.04,-4.1,-0.0004,-0.0018,0.18,-0.25,-0.02,-0.07,0.43,0.05,0.02,0.21,0.71
"Bruins","BOS","19-20",70,3459.38,0.7,-2.26,-0.0068,-0.0081,0.04,-0.14,-0.29,-0.32,0.18,0.03,0.35,0.13,0.69
"Blue Jackets","CBJ","16-17",82,4136.38,1.53,-0.69,0.0037,0.0041,0.09,-0.04,0.16,0.17,0.13,-0.01,0.12,0.44,0.68
"Devils","N.J","22-23",82,4140.3,5.42,-3.09,0.0048,0.002,0.34,-0.19,0.23,0.08,0.53,0.15,-0.23,0.22,0.68
"Predators","NSH","17-18",82,4010.1,2.24,-1.71,-0.0014,0.0009,0.13,-0.1,-0.06,0.04,0.23,-0.1,0.15,0.4,0.67
"Panthers","FLA","23-24",82,3939.12,3.97,-3.65,0.0003,0.0008,0.24,-0.22,0.02,0.03,0.47,-0.02,-0.28,0.5,0.67
"Panthers","FLA","20-21",56,2747.25,4.84,-2.72,-0.002,-0.0033,0.3,-0.17,-0.09,-0.12,0.46,0.03,0.13,0.03,0.66
"Lightning","T.B","14-15",82,4000.35,1.76,-3.75,0.0004,-0.0018,0.1,-0.21,0.02,-0.06,0.31,0.08,0.39,-0.13,0.65
"Lightning","T.B","24-25",82,4156.03,0.47,-1.38,0.0035,0.0004,0.03,-0.08,0.14,0.02,0.11,0.13,0.12,0.29,0.65
"Predators","NSH","14-15",82,4091.28,3.34,-1.97,-0.0029,-0.0051,0.19,-0.11,-0.13,-0.19,0.3,0.07,0.24,0.03,0.64
"Penguins","PIT","20-21",56,2842.57,-0.36,-2.44,-0.0042,-0.0012,-0.02,-0.15,-0.17,-0.04,0.13,-0.12,0.53,0.11,0.64
"Maple Leafs","TOR","24-25",82,4113.9,-1.13,1.33,0.0031,0.0003,-0.07,0.08,0.12,0.01,-0.15,0.11,0.12,0.56,0.64
"Blackhawks","CHI","09-10",82,4060.47,5.33,-8.89,-0.0005,0.0028,0.31,-0.51,-0.02,0.09,0.82,-0.11,0.23,-0.32,0.62
"Rangers","NYR","12-13",48,2395.55,3.29,-1.77,0.0038,0.004,0.19,-0.1,0.16,0.15,0.29,0.01,-0.28,0.6,0.62
"Lightning","T.B","21-22",82,4057.93,0.34,-2.42,0.0012,-0.0019,0.02,-0.15,0.05,-0.07,0.17,0.12,0.19,0.13,0.62
"Capitals","WSH","18-19",82,4043.02,0.5,0.99,-0.0023,0.0029,0.03,0.06,-0.1,0.12,-0.03,-0.22,0.56,0.29,0.6
"Capitals","WSH","20-21",56,2789.47,0.78,-0.57,-0.0056,-0.0074,0.05,-0.04,-0.23,-0.29,0.08,0.06,0.71,-0.26,0.6
"Avalanche","COL","22-23",82,4066.55,1.88,-2.17,-0.0002,-0.0019,0.12,-0.14,-0.01,-0.07,0.25,0.07,0.06,0.22,0.6
"Panthers","FLA","15-16",82,4007.32,-1.76,-1.35,0.0006,-0.0003,-0.1,-0.07,0.02,-0.01,-0.02,0.03,0.36,0.21,0.58
"Oilers","EDM","23-24",82,4108.72,4.55,-3.82,0.0109,0.0049,0.28,-0.23,0.51,0.19,0.51,0.32,-0.42,0.16,0.58
"Canucks","VAN","09-10",82,3884.75,0.96,-1.43,-0.0019,-0.0004,0.06,-0.08,-0.08,-0.02,0.14,-0.06,0.42,0.07,0.57
"Canucks","VAN","10-11",82,3948.78,3,-2.16,-0.0027,0.0035,0.17,-0.12,-0.12,0.14,0.29,-0.26,0.16,0.37,0.57
"Bruins","BOS","21-22",82,4042.83,5.8,-4.81,-0.0074,-0.0094,0.36,-0.3,-0.35,-0.35,0.66,0,0.13,-0.21,0.57
"Hurricanes","CAR","22-23",82,4051.68,9.56,-8.66,0.0011,0.0035,0.6,-0.54,0.06,0.12,1.14,-0.06,-0.53,0.02,0.57
"Maple Leafs","TOR","18-19",82,4160.55,4.8,4.05,0.0002,-0.0028,0.28,0.24,0.01,-0.13,0.04,0.14,0.31,0.06,0.56
"Maple Leafs","TOR","22-23",82,4048.03,1.7,-2.63,0.0058,0.0027,0.11,-0.16,0.25,0.11,0.27,0.15,-0.16,0.3,0.56
"Bruins","BOS","23-24",82,4079.83,-1.96,0.26,0.006,0.0011,-0.12,0.02,0.24,0.05,-0.14,0.2,0.05,0.45,0.56
"Capitals","WSH","15-16",82,4066.55,1.52,-1.55,0.0015,0.0005,0.08,-0.08,0.06,0.02,0.17,0.04,0.21,0.13,0.55
"Flyers","PHI","10-11",82,3913.78,2.29,0.75,0.0048,0.0032,0.13,0.04,0.21,0.14,0.09,0.07,0.12,0.26,0.54
"Blues","STL","11-12",82,4047.5,3.2,-4.53,-0.0005,-0.0012,0.18,-0.26,-0.02,-0.04,0.44,0.02,-0.36,0.44,0.54
"Penguins","PIT","16-17",82,4098.28,3.15,0.65,0.0079,0.0053,0.18,0.04,0.35,0.22,0.14,0.13,0.06,0.21,0.54
"Flames","CGY","18-19",82,4009.82,2.25,-3.35,0.0003,0.0006,0.13,-0.2,0.01,0.02,0.33,-0.01,0.21,0,0.54
"Maple Leafs","TOR","23-24",82,4132.77,2.36,-0.75,0.0052,0.0036,0.14,-0.05,0.23,0.15,0.19,0.09,0.14,0.12,0.54
"Bruins","BOS","18-19",82,4125.25,2.16,-4.34,-0.0044,-0.0024,0.13,-0.26,-0.2,-0.09,0.39,-0.11,0.02,0.23,0.53
"Blues","STL","19-20",71,3577.18,-2.03,-4.24,-0.0024,-0.0007,-0.12,-0.25,-0.09,-0.03,0.13,-0.07,0.28,0.19,0.53
"Blackhawks","CHI","08-09",82,3830.15,3.02,-5.67,-0.0026,0.0006,0.17,-0.33,-0.11,0.02,0.5,-0.14,0.15,0.01,0.52
"Canucks","VAN","08-09",81,3705.7,-2.17,-0.91,0.0003,-0.0009,-0.13,-0.05,0.01,-0.04,-0.07,0.05,0.26,0.28,0.52
"Blackhawks","CHI","13-14",82,4132.55,3.07,-6.16,0.0014,0.0013,0.17,-0.34,0.06,0.05,0.51,0.02,0.25,-0.26,0.52
"Wild","MIN","16-17",82,4151.47,0.83,-0.53,0.0018,-0.0096,0.05,-0.03,0.08,-0.39,0.08,0.46,0.34,-0.36,0.52
"Islanders","NYI","18-19",82,4154.03,-3.51,-1.64,0.0024,-0.0036,-0.21,-0.1,0.09,-0.15,-0.11,0.24,0.01,0.38,0.52
"Hurricanes","CAR","20-21",56,2803.1,4.68,-2.75,0.002,0.0024,0.29,-0.17,0.09,0.09,0.46,0,-0.46,0.51,0.51
"Flyers","PHI","11-12",82,3883.45,2.33,-0.05,0.0057,0.0031,0.13,0,0.24,0.13,0.13,0.12,0.11,0.14,0.5
"Blues","STL","13-14",82,4006.88,1.24,-5.11,-0.0018,-0.0018,0.07,-0.28,-0.07,-0.06,0.35,-0.01,0.22,-0.06,0.5
"Lightning","T.B","20-21",56,2712.33,1.25,-3.28,-0.0033,-0.0039,0.08,-0.2,-0.14,-0.14,0.28,0.01,0.25,-0.05,0.49
"Islanders","NYI","22-23",82,4121.17,0.15,1.02,0.0043,0.0022,0.01,0.06,0.18,0.1,-0.05,0.09,-0.14,0.6,0.49
"Blues","STL","24-25",82,4236.45,-4.07,-2.41,0.003,0.0011,-0.24,-0.14,0.11,0.04,-0.1,0.07,0.29,0.23,0.49
"Jets","WPG","17-18",82,4028.73,1.85,-2.32,-0.0005,-0.0021,0.11,-0.13,-0.02,-0.09,0.24,0.07,0.22,-0.04,0.48
"Panthers","FLA","22-23",82,3918.25,6.83,0.23,0.0031,0.0031,0.43,0.01,0.15,0.13,0.41,0.02,-0.19,0.23,0.48
"Golden Knights","VGK","22-23",82,4245.72,-0.61,-0.12,0.0056,-0.0019,-0.04,-0.01,0.23,-0.08,-0.03,0.31,-0.06,0.26,0.48
"Penguins","PIT","11-12",82,4021.35,5.48,-3.21,-0.0011,0.002,0.31,-0.18,-0.05,0.07,0.49,-0.12,0.37,-0.27,0.47
"Stars","DAL","23-24",82,4120.57,3.05,-2.87,0.0016,-0.0023,0.19,-0.17,0.07,-0.09,0.36,0.17,0.12,-0.18,0.47
"Devils","N.J","08-09",82,3917.52,2.18,-2.75,-0.0039,-0.0049,0.13,-0.16,-0.17,-0.18,0.29,0.02,0.07,0.09,0.46
"Bruins","BOS","12-13",48,2402.43,6.4,-2.08,-0.0036,-0.0005,0.36,-0.12,-0.17,-0.02,0.48,-0.15,-0.09,0.22,0.46
"Capitals","WSH","24-25",82,4136.37,1.02,-2.05,0.0063,0.0059,0.06,-0.12,0.27,0.23,0.18,0.03,0.08,0.16,0.46
"Avalanche","COL","23-24",82,4017.18,3.19,-1.24,-0.0007,0.0019,0.19,-0.08,-0.03,0.08,0.27,-0.11,0.32,-0.01,0.46
"Blues","STL","14-15",82,4099.42,2.16,-3.61,-0.0002,-0.001,0.12,-0.2,-0.01,-0.04,0.32,0.03,0.13,-0.03,0.45
"Kings","L.A","15-16",82,4064.78,7.02,-4.24,-0.0008,0.004,0.38,-0.23,-0.04,0.14,0.62,-0.18,-0.23,0.25,0.45
"Penguins","PIT","18-19",82,4148.17,2.35,0.58,0.0009,-0.0023,0.14,0.03,0.04,-0.1,0.11,0.14,0.03,0.17,0.45
"Islanders","NYI","20-21",56,2881.75,-1.56,-1.65,0.0014,-0.0073,-0.1,-0.1,0.06,-0.28,0.01,0.34,-0.02,0.12,0.45
"Blues","STL","21-22",82,4114,-2.69,1.58,0.0014,-0.0018,-0.17,0.1,0.05,-0.08,-0.27,0.13,0.54,0.05,0.45
"Kings","L.A","13-14",82,3959.88,5.28,-5.27,-0.002,0.0004,0.29,-0.29,-0.09,0.01,0.59,-0.1,-0.41,0.37,0.44
"Rangers","NYR","22-23",82,4132.23,-1.12,-2.16,0.001,0.0042,-0.07,-0.14,0.04,0.17,0.07,-0.13,0.17,0.34,0.44
"Penguins","PIT","08-09",82,3820.05,-1.42,-0.03,-0.0017,-0.005,-0.08,0,-0.07,-0.2,-0.08,0.14,0.6,-0.22,0.43
"Sharks","S.J","09-10",81,3889.45,2.12,0.83,0.0015,-0.0009,0.12,0.05,0.06,-0.04,0.07,0.1,0.1,0.16,0.43
"Canucks","VAN","11-12",82,4034.17,2.2,-1.72,-0.0047,0.0031,0.12,-0.1,-0.2,0.12,0.22,-0.32,0.28,0.25,0.43
"Rangers","NYR","15-16",82,4122.25,-1.55,0.99,0.0054,0.0077,-0.09,0.05,0.21,0.32,-0.14,-0.11,0.1,0.57,0.43
"Blackhawks","CHI","16-17",82,4163,-0.58,-0.93,0.003,0.0045,-0.03,-0.05,0.12,0.18,0.02,-0.06,0.14,0.33,0.43
"Maple Leafs","TOR","21-22",82,4148.35,4.53,-2.25,0.0007,-0.0045,0.28,-0.14,0.03,-0.18,0.42,0.21,0.25,-0.46,0.43
"Stars","DAL","24-25",82,4055.55,-0.35,1.19,0.0075,0.0025,-0.02,0.07,0.31,0.11,-0.09,0.2,0.02,0.31,0.43
"Red Wings","DET","08-09",81,3821.82,6.6,-4.61,-0.0094,-0.0025,0.38,-0.27,-0.44,-0.09,0.65,-0.35,0.5,-0.38,0.42
"Canadiens","MTL","12-13",48,2289.03,2.47,-3.54,-0.0023,-0.0046,0.14,-0.2,-0.1,-0.17,0.34,0.07,0.32,-0.31,0.42
"Penguins","PIT","15-16",82,4061.43,3.58,-1.62,0.0049,-0.0013,0.2,-0.09,0.22,-0.05,0.29,0.27,-0.12,-0.01,0.42
"Bruins","BOS","17-18",82,4082.03,1.93,-4.35,-0.0013,-0.0018,0.11,-0.25,-0.06,-0.07,0.36,0.01,0.07,-0.01,0.42
"Flyers","PHI","19-20",69,3420.7,-0.94,-2.8,0.001,0.0006,-0.06,-0.17,0.04,0.02,0.11,0.02,0.34,-0.04,0.42
"Hurricanes","CAR","23-24",82,4072.98,8.43,-6.97,-0.0018,0.0047,0.51,-0.43,-0.09,0.17,0.94,-0.26,-0.36,0.09,0.42
"Rangers","NYR","11-12",82,4040.62,-2.01,-2.08,0.011,0.0062,-0.11,-0.12,0.42,0.24,0,0.18,-0.22,0.44,0.41
"Canadiens","MTL","16-17",82,4145.78,1.86,-2.23,0.0012,0.001,0.11,-0.13,0.05,0.04,0.23,0.01,-0.1,0.25,0.4
"Maple Leafs","TOR","17-18",82,4147.93,1.03,2.48,0.0036,-0.0001,0.06,0.14,0.16,-0.01,-0.08,0.16,0.11,0.21,0.4
"Oilers","EDM","22-23",82,4037.83,2.19,-2.06,0.0091,0.0016,0.14,-0.13,0.4,0.06,0.27,0.34,-0.2,-0.01,0.4
"Sharks","S.J","10-11",82,4050.18,4.13,-2.98,0.0029,-0.0019,0.23,-0.17,0.13,-0.07,0.4,0.21,-0.29,0.07,0.39
"Lightning","T.B","15-16",82,3954.07,1.21,-1.46,-0.0039,-0.0032,0.07,-0.08,-0.16,-0.13,0.15,-0.03,0.26,0.02,0.39
"Oilers","EDM","16-17",82,4124.55,0.39,-2.04,0.0062,0.0065,0.02,-0.12,0.26,0.25,0.14,0,-0.09,0.34,0.39
"Golden Knights","VGK","24-25",82,4286.68,2.05,-1.64,0.0039,0.0016,0.12,-0.1,0.17,0.07,0.22,0.1,-0.15,0.22,0.39
"Lightning","T.B","13-14",82,4032.6,1.49,-1.13,-0.0037,-0.002,0.08,-0.06,-0.16,-0.08,0.15,-0.08,0.18,0.14,0.38
"Predators","NSH","18-19",82,4015.85,2.49,-1.55,-0.0035,0,0.15,-0.09,-0.16,0,0.24,-0.16,0.06,0.23,0.38
"Wild","MIN","20-21",56,2764.37,-1.97,1.62,-0.0007,-0.0108,-0.12,0.1,-0.03,-0.45,-0.22,0.42,0.58,-0.4,0.38
"Penguins","PIT","21-22",82,4174.42,3.68,-2.1,-0.0017,-0.0033,0.23,-0.13,-0.08,-0.13,0.36,0.06,-0.07,0.04,0.38
"Capitals","WSH","14-15",82,4102.95,0.35,-3.07,0.0004,-0.0022,0.02,-0.17,0.01,-0.08,0.19,0.1,0.09,-0.01,0.37
"Kings","L.A","14-15",82,4103.23,4.08,-3.7,-0.0019,0,0.23,-0.21,-0.09,0,0.43,-0.08,-0.09,0.1,0.36
"Canadiens","MTL","14-15",82,4105.27,-1.55,0.19,0.0008,0.0006,-0.09,0.01,0.03,0.03,-0.1,0.01,0.05,0.4,0.36
"Golden Knights","VGK","17-18",82,4106.98,1.41,-1.21,-0.0015,-0.0001,0.08,-0.07,-0.07,0,0.15,-0.06,0.27,0.01,0.36
"Ducks","ANA","12-13",48,2427.58,-2.58,-0.3,0.0012,-0.0014,-0.15,-0.02,0.04,-0.06,-0.13,0.1,0.08,0.3,0.35
"Blue Jackets","CBJ","17-18",82,4189.7,2.88,-1.66,0.0015,0.0039,0.17,-0.1,0.07,0.16,0.26,-0.09,-0.11,0.29,0.35
"Blues","STL","18-19",82,4115.23,-0.02,-4.39,0.0023,-0.0014,0,-0.26,0.1,-0.05,0.26,0.15,-0.04,-0.02,0.35
"Stars","DAL","22-23",82,4070.37,0.75,-1.62,0.0012,-0.0024,0.05,-0.1,0.05,-0.1,0.15,0.15,-0.07,0.11,0.35
"Penguins","PIT","10-11",82,3904.48,2.31,-2.73,-0.0045,-0.0018,0.13,-0.15,-0.19,-0.07,0.28,-0.13,0.09,0.09,0.34
"Sharks","S.J","13-14",82,4104.53,6.18,-2.66,0.0027,-0.0029,0.34,-0.15,0.13,-0.11,0.49,0.24,-0.31,-0.07,0.34
"Jets","WPG","14-15",82,3964.82,1.29,-3.28,0.0046,0.0049,0.07,-0.18,0.19,0.18,0.25,0.01,-0.18,0.26,0.34
"Ducks","ANA","17-18",82,4078,-0.57,1.01,0.0017,0.0019,-0.03,0.06,0.07,0.08,-0.09,-0.01,-0.05,0.5,0.34
"Predators","NSH","20-21",56,2803.45,1.07,0.66,-0.0072,-0.0066,0.07,0.04,-0.3,-0.27,0.03,-0.02,0.12,0.22,0.34
"Blue Jackets","CBJ","08-09",82,3880.12,-2.01,-4.95,-0.0043,-0.004,-0.12,-0.29,-0.16,-0.14,0.17,-0.02,0.44,-0.27,0.33
"Avalanche","COL","13-14",82,4080.28,-1.63,3.48,-0.0009,-0.0007,-0.09,0.19,-0.03,-0.03,-0.28,0,0.42,0.2,0.33
"Blackhawks","CHI","14-15",82,4130.05,3.86,-1.23,-0.0013,0.0028,0.21,-0.07,-0.06,0.11,0.28,-0.17,-0.15,0.36,0.33
"Kings","L.A","23-24",82,4044.8,4.38,-4.65,-0.0007,0.0017,0.27,-0.28,-0.03,0.07,0.55,-0.1,-0.26,0.14,0.33
"Coyotes","ARI","09-10",82,3934.4,1.83,-0.97,-0.005,-0.0044,0.11,-0.06,-0.21,-0.18,0.16,-0.03,0.08,0.11,0.32
"Blues","STL","15-16",82,4074.45,2.02,-2.3,0.0019,0.0028,0.11,-0.13,0.08,0.11,0.24,-0.03,-0.16,0.27,0.31
"Capitals","WSH","19-20",69,3321.57,2.12,-0.88,-0.0013,0.0016,0.13,-0.05,-0.06,0.07,0.18,-0.12,0.4,-0.16,0.3
"Jets","WPG","22-23",82,4013.4,0.87,-1.37,0.0034,0.0011,0.05,-0.09,0.15,0.05,0.14,0.1,-0.29,0.35,0.3
"Sabres","BUF","10-11",82,4011.17,1.79,0.34,-0.0012,-0.0017,0.1,0.02,-0.05,-0.07,0.08,0.02,0.24,-0.05,0.29
"Blackhawks","CHI","10-11",82,4084,2.02,-4.58,-0.0015,0.0027,0.11,-0.26,-0.07,0.1,0.37,-0.16,0.14,-0.06,0.29
"Predators","NSH","10-11",82,4037.83,-2.12,-0.49,0.0012,-0.0022,-0.12,-0.03,0.04,-0.09,-0.09,0.13,0.08,0.16,0.29
"Maple Leafs","TOR","12-13",48,2345.77,-2.16,6.31,-0.0029,-0.0046,-0.12,0.36,-0.11,-0.21,-0.48,0.1,0.73,-0.06,0.29
"Stars","DAL","17-18",82,4032.67,-1.57,-3.61,0.0022,-0.0031,-0.09,-0.21,0.09,-0.12,0.12,0.21,-0.07,0.03,0.29
"Sharks","S.J","16-17",82,4089.43,1.58,-2.86,0.0016,0.0026,0.09,-0.16,0.07,0.1,0.25,-0.03,-0.14,0.2,0.28
"Rangers","NYR","16-17",82,4132.43,-0.84,0.63,0.0046,0.0041,-0.05,0.04,0.18,0.17,-0.08,0.01,0.11,0.23,0.27
"Canadiens","MTL","18-19",82,4078.15,4.94,-1.42,-0.0028,-0.0024,0.29,-0.08,-0.13,-0.1,0.38,-0.03,0.16,-0.23,0.27
"Penguins","PIT","19-20",69,3470.38,-0.31,-3.02,-0.0021,-0.0022,-0.02,-0.18,-0.09,-0.09,0.16,0,0.37,-0.25,0.27
"Jets","WPG","20-21",56,2794.42,-1.93,0.89,-0.0021,0.0006,-0.12,0.05,-0.08,0.03,-0.17,-0.11,0.28,0.27,0.27
"Kings","L.A","17-18",82,4078.93,-1.38,-0.7,-0.0029,0.0009,-0.08,-0.04,-0.12,0.04,-0.04,-0.16,0.16,0.3,0.26
"Capitals","WSH","17-18",82,4055.08,-2.46,1.44,0.0012,0.0019,-0.14,0.08,0.05,0.09,-0.22,-0.04,0.27,0.25,0.26
"Predators","NSH","19-20",69,3412.28,3.13,0.39,-0.0062,-0.0034,0.19,0.02,-0.28,-0.14,0.16,-0.14,0.34,-0.11,0.26
"Panthers","FLA","24-25",82,4090.3,5.11,-3.34,0.0004,0.0005,0.31,-0.2,0.02,0.02,0.51,0,-0.46,0.2,0.26
"Golden Knights","VGK","23-24",82,4107.02,-0.06,0.48,0.0019,-0.0019,0,0.03,0.08,-0.08,-0.03,0.16,0.04,0.09,0.26
"Capitals","WSH","08-09",82,3831.18,5.78,-2.99,0.0003,0.0004,0.33,-0.17,0.01,0.01,0.51,0,-0.18,-0.08,0.25
"Coyotes","ARI","11-12",82,4128.52,1.73,2.79,-0.0012,-0.0002,0.1,0.16,-0.05,-0.01,-0.06,-0.04,0.05,0.31,0.25
"Ducks","ANA","14-15",82,4103.65,1.99,-0.6,0.0003,-0.0001,0.11,-0.03,0.01,-0.01,0.14,0.02,0.11,-0.02,0.25
"Sharks","S.J","15-16",82,4061.05,0.91,-4.12,0.0047,-0.0004,0.05,-0.23,0.19,-0.01,0.28,0.21,-0.18,-0.05,0.25
"Bruins","BOS","20-21",56,2798.82,5.29,-3.72,-0.0124,-0.006,0.32,-0.23,-0.56,-0.22,0.55,-0.34,0.15,-0.12,0.25
"Capitals","WSH","21-22",82,4111.57,0.59,-2.19,-0.0032,-0.0025,0.04,-0.14,-0.14,-0.1,0.17,-0.04,0.24,-0.13,0.25
"Ducks","ANA","08-09",82,3799.63,-0.23,-1.11,-0.0023,-0.0034,-0.01,-0.06,-0.09,-0.13,0.05,0.04,0.16,-0.01,0.24
"Golden Knights","VGK","21-22",82,4186.37,3.55,-2.66,0.0002,0.0049,0.22,-0.17,0.01,0.19,0.39,-0.18,-0.13,0.16,0.24
"Blue Jackets","CBJ","24-25",82,4229.1,0.1,2.08,0.004,0.0044,0.01,0.12,0.17,0.19,-0.12,-0.03,0.28,0.1,0.24
"Blues","STL","12-13",48,2396.18,-1.51,-5.83,-0.0044,0.0009,-0.09,-0.33,-0.17,0.03,0.24,-0.2,0.26,-0.08,0.23
"Wild","MIN","14-15",82,4073.65,1.05,-2.25,-0.0006,-0.0057,0.06,-0.13,-0.03,-0.22,0.18,0.19,0.24,-0.38,0.23
"Predators","NSH","16-17",82,4082.63,1.72,0.25,-0.0018,-0.0037,0.1,0.01,-0.07,-0.15,0.08,0.08,0.09,-0.02,0.23
"Blues","STL","17-18",82,4093.05,1.11,-3.76,-0.0042,-0.0024,0.06,-0.22,-0.18,-0.09,0.28,-0.09,0.09,-0.05,0.23
"Wild","MIN","19-20",69,3420.58,-0.97,-0.7,-0.0048,-0.0116,-0.06,-0.04,-0.2,-0.48,-0.02,0.28,0.53,-0.57,0.23
"Penguins","PIT","09-10",81,3822.28,4.04,-0.84,-0.0009,-0.0018,0.23,-0.05,-0.04,-0.07,0.28,0.03,0.2,-0.3,0.22
"Coyotes","ARI","10-11",82,4002.72,1.72,2.59,-0.0033,-0.001,0.1,0.15,-0.14,-0.04,-0.05,-0.1,0.09,0.27,0.22
"Capitals","WSH","10-11",81,3957.87,0.14,-1.81,0.0002,-0.0012,0.01,-0.1,0.01,-0.05,0.11,0.05,-0.07,0.12,0.22
"Red Wings","DET","12-13",48,2337.13,1.98,-4.14,-0.0022,0.0002,0.11,-0.23,-0.09,0.01,0.35,-0.1,-0.26,0.23,0.22
"Kings","L.A","12-13",48,2373.58,3.78,-5.92,-0.0022,-0.0015,0.21,-0.34,-0.09,-0.05,0.55,-0.04,-0.12,-0.16,0.22
"Blue Jackets","CBJ","18-19",82,4172.55,0.52,-1.88,-0.0002,-0.0002,0.03,-0.11,-0.01,-0.01,0.14,0,0.25,-0.17,0.22
"Avalanche","COL","24-25",82,4109.83,2.63,-4.11,0.0001,0.0034,0.16,-0.25,0,0.13,0.4,-0.12,-0.13,0.07,0.22
"Predators","NSH","23-24",82,4004.22,3.19,-0.89,0.0038,0.0008,0.19,-0.05,0.17,0.03,0.25,0.14,-0.28,0.11,0.22
"Islanders","NYI","14-15",82,4156.58,5.13,-2.14,0.0096,0.008,0.29,-0.12,0.43,0.31,0.4,0.13,-0.44,0.12,0.21
"Canucks","VAN","21-22",82,4129.77,-0.09,-0.02,-0.0035,-0.0024,-0.01,0,-0.15,-0.1,0,-0.05,-0.06,0.32,0.21
"Wild","MIN","13-14",82,4099.32,-4.71,-2.96,-0.0038,-0.007,-0.26,-0.16,-0.14,-0.26,-0.1,0.13,0.15,0.02,0.2
"Penguins","PIT","14-15",82,4036.53,2.19,-3.86,-0.001,0.0013,0.12,-0.21,-0.04,0.05,0.34,-0.09,-0.03,-0.01,0.2
"Golden Knights","VGK","18-19",82,4093.53,3.85,-4.14,0.0018,0.0002,0.23,-0.25,0.08,0.01,0.47,0.07,-0.22,-0.13,0.2
"Predators","NSH","21-22",82,4001.43,-0.49,-0.68,-0.0053,-0.0057,-0.03,-0.04,-0.22,-0.24,0.01,0.02,0.27,-0.1,0.2
"Rangers","NYR","10-11",82,3999.18,-0.92,-1.09,0.015,0.0067,-0.05,-0.06,0.6,0.27,0.01,0.33,-0.55,0.4,0.19
"Capitals","WSH","12-13",48,2359.03,-0.8,1.26,0.0001,-0.0011,-0.05,0.07,0,-0.05,-0.12,0.05,0.18,0.08,0.19
"Wild","MIN","17-18",82,4069.57,-3.2,-0.81,0.0002,-0.0092,-0.18,-0.05,0.01,-0.39,-0.14,0.4,0.17,-0.25,0.19
"Kings","L.A","22-23",82,4061.6,2.19,-4.25,-0.0019,0.0023,0.14,-0.27,-0.09,0.09,0.4,-0.17,-0.08,0.03,0.19
"Hurricanes","CAR","24-25",82,4038.08,8.5,-5.58,0.0018,0.0091,0.51,-0.33,0.09,0.33,0.84,-0.24,-0.39,-0.03,0.19
"Ducks","ANA","16-17",82,3995.45,0.28,-0.71,0.0039,0.0002,0.02,-0.04,0.16,0.01,0.06,0.15,-0.19,0.17,0.18
"Rangers","NYR","20-21",56,2751.93,-2.31,1.12,-0.0025,-0.0038,-0.14,0.07,-0.09,-0.16,-0.21,0.06,0.4,-0.07,0.18
"Rangers","NYR","23-24",82,4100,0.95,-0.35,-0.0019,0.0036,0.06,-0.02,-0.08,0.15,0.08,-0.23,0.09,0.24,0.18
"Devils","N.J","09-10",82,4093.77,-1.83,-5,-0.0027,-0.0014,-0.11,-0.29,-0.11,-0.05,0.18,-0.06,-0.01,0.05,0.17
"Rangers","NYR","19-20",70,3386.77,-0.52,3.86,-0.0005,0.0004,-0.03,0.23,-0.02,0.02,-0.26,-0.04,0.34,0.13,0.17
"Golden Knights","VGK","19-20",71,3579.07,4.43,-3.6,0.0022,-0.0009,0.27,-0.22,0.1,-0.03,0.48,0.14,-0.21,-0.24,0.17
"Oilers","EDM","21-22",82,4109.62,2.61,-0.71,0.0007,0.0007,0.16,-0.04,0.03,0.03,0.21,0,-0.04,0.01,0.17
"Rangers","NYR","21-22",82,4155.72,-4.13,-0.76,-0.001,-0.0015,-0.26,-0.05,-0.04,-0.06,-0.21,0.02,0.07,0.28,0.17
"Islanders","NYI","23-24",82,4177.97,-0.06,2.2,0.0034,-0.001,0,0.13,0.14,-0.05,-0.14,0.19,-0.14,0.27,0.17
"Flames","CGY","08-09",81,3693.57,4.82,-1.34,-0.0029,-0.0024,0.28,-0.08,-0.13,-0.1,0.36,-0.04,0.23,-0.38,0.16
"Kings","L.A","09-10",82,3971.18,-0.95,-2.58,-0.0026,-0.0041,-0.05,-0.15,-0.1,-0.16,0.09,0.05,0.05,-0.04,0.16
"Kings","L.A","10-11",82,3989.47,-0.04,-2.38,-0.0031,-0.0041,0,-0.13,-0.13,-0.16,0.13,0.03,0.09,-0.09,0.16
"Blues","STL","16-17",82,4052.95,-1.86,-2.99,-0.0015,-0.0018,-0.1,-0.17,-0.06,-0.07,0.06,0.01,0.23,-0.14,0.16
"Flyers","PHI","17-18",82,4136.07,-1.54,-1.4,0.0002,0,-0.09,-0.08,0.01,0,-0.01,0.01,0.07,0.09,0.16
"Hurricanes","CAR","18-19",82,4079.05,6.45,-2.81,0.0033,0.0019,0.38,-0.17,0.16,0.08,0.55,0.09,-0.59,0.11,0.16
"Sharks","S.J","18-19",82,4107.57,3.27,-4.8,0.0006,0.003,0.19,-0.28,0.03,0.11,0.48,-0.09,0.23,-0.45,0.16
"Jets","WPG","18-19",82,4061.98,-0.23,1.36,-0.0038,-0.0011,-0.01,0.08,-0.16,-0.05,-0.09,-0.11,0.29,0.07,0.16
"Sabres","BUF","23-24",82,4089.03,-0.03,-0.44,-0.0016,0.0051,0,-0.03,-0.07,0.21,0.02,-0.28,0.12,0.29,0.16
"Canucks","VAN","12-13",48,2356.67,-0.64,-2.19,-0.0012,0.0013,-0.04,-0.12,-0.05,0.05,0.09,-0.1,0.05,0.11,0.15
"Red Wings","DET","14-15",82,3998.65,-1.3,-4.77,-0.0004,0.0006,-0.07,-0.26,-0.02,0.02,0.19,-0.04,-0.03,0.03,0.15
"Islanders","NYI","15-16",82,4173.65,-0.14,0.34,0.0057,0.0077,-0.01,0.02,0.23,0.31,-0.03,-0.08,-0.07,0.33,0.15
"Maple Leafs","TOR","16-17",82,4098.17,4.02,3.51,0.0053,0.0027,0.23,0.2,0.24,0.12,0.03,0.12,-0.16,0.17,0.15
"Sharks","S.J","08-09",82,3910.17,2.77,-5.22,-0.0017,-0.0002,0.16,-0.3,-0.07,-0.01,0.46,-0.07,-0.28,0.02,0.14
"Sabres","BUF","09-10",82,3943.72,1.59,1.02,-0.0036,-0.0015,0.09,0.06,-0.15,-0.06,0.03,-0.09,0.16,0.04,0.14
"Flames","CGY","10-11",82,3981.43,0.73,-3.02,-0.0028,-0.0062,0.04,-0.17,-0.11,-0.24,0.21,0.12,0.21,-0.4,0.14
"Stars","DAL","15-16",82,4056.32,4.92,0.59,0.0045,0.0049,0.27,0.03,0.2,0.2,0.24,0,-0.14,0.03,0.14
"Maple Leafs","TOR","19-20",70,3548.12,3.47,0.81,-0.0012,-0.0015,0.21,0.05,-0.05,-0.07,0.16,0.01,0.17,-0.2,0.14
"Lightning","T.B","22-23",82,4035.28,1.5,-0.96,0.0038,0.0042,0.09,-0.06,0.17,0.17,0.15,-0.01,-0.25,0.25,0.14
"Hurricanes","CAR","08-09",82,3835.7,4.84,0.56,-0.0022,0.0007,0.28,0.03,-0.1,0.03,0.25,-0.13,-0.2,0.21,0.13
"Rangers","NYR","13-14",82,4078.6,3.73,-0.65,0.0021,0.005,0.21,-0.04,0.09,0.2,0.24,-0.1,-0.38,0.37,0.13
"Hurricanes","CAR","19-20",68,3310.67,3.41,-2.72,0.0021,0.0053,0.2,-0.16,0.1,0.21,0.37,-0.11,-0.12,-0.01,0.13
"Stars","DAL","20-21",56,2862.6,-0.13,-3.3,-0.0053,-0.0069,-0.01,-0.2,-0.21,-0.26,0.19,0.05,-0.02,-0.08,0.13
"Panthers","FLA","08-09",82,3904.92,-1.03,5.91,-0.0006,-0.0048,-0.06,0.34,-0.02,-0.22,-0.4,0.2,0.17,0.15,0.12
"Avalanche","COL","09-10",82,3944.65,-4.36,1.58,0.0015,-0.0035,-0.25,0.09,0.06,-0.15,-0.34,0.2,0.26,0,0.12
"Predators","NSH","09-10",82,4059.1,1.04,-1.54,-0.0032,-0.0005,0.06,-0.09,-0.14,-0.02,0.15,-0.11,0.03,0.06,0.12
"Lightning","T.B","12-13",48,2341.43,-2.26,3.4,-0.0017,-0.0058,-0.13,0.19,-0.06,-0.25,-0.32,0.19,0.67,-0.41,0.12
"Bruins","BOS","14-15",82,4189,1.09,-0.96,-0.0034,-0.005,0.06,-0.05,-0.14,-0.2,0.11,0.06,0.01,-0.06,0.12
"Islanders","NYI","16-17",82,4135.13,-0.35,2.73,0.0051,0.0044,-0.02,0.15,0.21,0.19,-0.17,0.01,0.2,0.08,0.12
"Canadiens","MTL","19-20",71,3559.77,5.03,-2.29,-0.0018,-0.0024,0.3,-0.14,-0.08,-0.09,0.44,0.01,-0.07,-0.26,0.12
"Oilers","EDM","24-25",82,4163.83,4.31,-3.28,0.0052,0.0044,0.26,-0.2,0.24,0.17,0.45,0.07,-0.33,-0.07,0.12
"Blue Jackets","CBJ","12-13",48,2417.55,-5.47,0.24,-0.0048,-0.0044,-0.31,0.01,-0.16,-0.18,-0.32,0.01,0.37,0.05,0.11
"Blue Jackets","CBJ","13-14",82,3972.62,-0.98,-1.85,-0.0033,-0.0062,-0.05,-0.1,-0.13,-0.24,0.05,0.11,0.21,-0.25,0.11
"Penguins","PIT","13-14",82,4065.25,-1.7,-1.64,-0.0023,-0.0044,-0.09,-0.09,-0.09,-0.17,0,0.08,0.28,-0.24,0.11
"Senators","OTT","15-16",82,4103.55,-2.24,3.59,0.0034,0.0005,-0.12,0.2,0.13,0.02,-0.32,0.11,0.12,0.2,0.11
"Stars","DAL","10-11",82,3963.55,-3.23,0.37,-0.003,-0.0032,-0.18,0.02,-0.11,-0.13,-0.2,0.02,0.24,0.04,0.1
"Canadiens","MTL","10-11",82,3915.35,2.89,-0.64,-0.0032,0.0021,0.16,-0.04,-0.14,0.08,0.2,-0.22,-0.14,0.26,0.1
"Sharks","S.J","11-12",82,4145.07,4.02,-1.2,-0.002,-0.0036,0.23,-0.07,-0.09,-0.14,0.29,0.05,-0.3,0.05,0.1
"Stars","DAL","13-14",82,4018.52,2.51,1,0.0016,0.0034,0.14,0.06,0.07,0.14,0.08,-0.07,-0.03,0.12,0.1
"Flyers","PHI","15-16",82,4025.33,0.77,0.77,0.0009,0.0037,0.04,0.04,0.04,0.15,0,-0.11,-0.2,0.41,0.1
"Red Wings","DET","10-11",82,3983.2,4.92,0.06,-0.0038,-0.0012,0.28,0,-0.17,-0.05,0.27,-0.13,0.21,-0.26,0.09
"Stars","DAL","18-19",82,4124.15,-2.7,-0.43,0.0011,-0.0041,-0.16,-0.03,0.04,-0.17,-0.13,0.22,-0.28,0.29,0.09
"Utah","UTA","24-25",82,4125.08,3.14,-2.51,0.0036,0.0047,0.19,-0.15,0.16,0.18,0.34,-0.02,-0.37,0.15,0.09
"Capitals","WSH","11-12",82,4078.85,-1.99,0.09,-0.0026,-0.0045,-0.11,0.01,-0.1,-0.18,-0.12,0.08,0.28,-0.16,0.08
"Senators","OTT","14-15",82,4056.6,0.17,1.9,0.0019,-0.0029,0.01,0.11,0.08,-0.12,-0.1,0.2,0.02,-0.05,0.08
"Flames","CGY","20-21",56,2727.12,1.91,-2.28,-0.0043,-0.0054,0.12,-0.14,-0.18,-0.2,0.26,0.02,0.11,-0.3,0.08
"Flames","CGY","22-23",82,4039.75,7.08,-4.93,-0.0014,0.0059,0.44,-0.31,-0.07,0.22,0.75,-0.29,-0.23,-0.16,0.08
"Predators","NSH","11-12",82,4140.5,-3.09,1.07,0.0008,-0.0047,-0.17,0.06,0.03,-0.2,-0.23,0.23,0.19,-0.11,0.07
"Bruins","BOS","15-16",82,4067.43,1.68,1.96,-0.0028,-0.0019,0.09,0.11,-0.12,-0.08,-0.02,-0.04,0.25,-0.13,0.07
"Kings","L.A","21-22",82,4113.32,4.45,-3.83,-0.0028,0.0026,0.28,-0.24,-0.13,0.1,0.52,-0.23,-0.37,0.15,0.06
"Jets","WPG","11-12",82,4044.35,2.52,0.57,0.0017,0.0032,0.14,0.03,0.07,0.13,0.11,-0.06,-0.06,0.06,0.05
"Avalanche","COL","17-18",82,3924.58,-2.78,1.69,-0.0051,-0.0037,-0.16,0.1,-0.2,-0.16,-0.26,-0.04,0.35,0,0.05
"Sabres","BUF","08-09",82,3840.05,0.32,0.62,-0.0056,-0.0077,0.02,0.04,-0.23,-0.32,-0.02,0.09,0.3,-0.33,0.04
"Oilers","EDM","08-09",82,3805.68,-2.14,3.28,0.0011,-0.0016,-0.12,0.19,0.04,-0.07,-0.31,0.11,0.14,0.1,0.04
"Ducks","ANA","09-10",82,3939.43,-1.05,3.89,-0.0016,-0.0004,-0.06,0.22,-0.06,-0.02,-0.28,-0.05,0.08,0.29,0.04
"Rangers","NYR","09-10",82,3921.12,-0.02,0.23,0.0073,0.0095,0,0.01,0.3,0.39,-0.01,-0.09,-0.35,0.5,0.04
"Sabres","BUF","11-12",82,4112.8,-1.47,1.55,-0.002,-0.0017,-0.08,0.09,-0.08,-0.07,-0.17,-0.01,0.16,0.06,0.04
"Wild","MIN","15-16",82,4088.97,-2.3,0.08,0,-0.0036,-0.13,0,0,-0.15,-0.13,0.15,-0.02,0.04,0.04
"Jets","WPG","15-16",82,3981.22,0.62,-1.21,0.004,0.0061,0.03,-0.07,0.16,0.24,0.1,-0.07,-0.14,0.15,0.04
"Stars","DAL","19-20",69,3414.7,-1.9,-0.56,0.0012,-0.0061,-0.11,-0.03,0.05,-0.25,-0.08,0.3,-0.41,0.23,0.04
"Wild","MIN","22-23",82,4095.95,-0.3,-1.23,-0.0022,-0.0028,-0.02,-0.08,-0.09,-0.12,0.06,0.02,-0.3,0.26,0.04
"Rangers","NYR","24-25",82,4102.78,0.69,2.38,0.0015,0.005,0.04,0.14,0.06,0.22,-0.1,-0.16,0.16,0.14,0.04
"Coyotes","ARI","12-13",48,2371.98,3.78,2.35,-0.0044,-0.0011,0.21,0.13,-0.19,-0.05,0.08,-0.15,-0.06,0.16,0.03
"Lightning","T.B","10-11",82,3928.47,2.29,-2.83,-0.0001,-0.0045,0.13,-0.16,-0.01,-0.17,0.29,0.17,-0.01,-0.43,0.02
"Canadiens","MTL","13-14",82,3967.52,-1.3,1.65,0.0011,0.0012,-0.07,0.09,0.04,0.05,-0.16,-0.01,-0.08,0.28,0.02
"Stars","DAL","14-15",82,3990.08,5.18,0.91,0.0027,0.0024,0.29,0.05,0.12,0.1,0.24,0.02,0.07,-0.31,0.02
"Flames","CGY","16-17",82,3992.88,-1.57,-1.71,-0.0007,0.0023,-0.09,-0.1,-0.03,0.09,0.01,-0.12,0.08,0.06,0.02
"Flames","CGY","09-10",82,3953.78,-0.05,-2.08,-0.007,-0.0059,0,-0.12,-0.28,-0.23,0.12,-0.06,0.07,-0.12,0.01
"Flyers","PHI","09-10",82,3854.13,2.26,-1.13,0.005,0.0022,0.13,-0.07,0.22,0.09,0.2,0.13,-0.36,0.05,0.01
"Blues","STL","10-11",82,4013.25,1.25,-2.77,-0.0018,0.0018,0.07,-0.16,-0.08,0.07,0.23,-0.15,0.19,-0.26,0.01
"Stars","DAL","12-13",48,2300.65,-2.07,2.72,0.0015,0.0032,-0.12,0.15,0.06,0.14,-0.27,-0.08,0.29,0.07,0.01
"Red Wings","DET","13-14",82,4011.73,-0.54,-3.25,-0.0035,-0.0006,-0.03,-0.18,-0.14,-0.02,0.15,-0.12,0.21,-0.24,0.01
"Blackhawks","CHI","19-20",70,3488.57,-0.71,2.38,0.0014,0.0037,-0.04,0.14,0.06,0.16,-0.19,-0.11,0.13,0.17,0.01
"Sabres","BUF","24-25",82,4079.33,-0.07,0.73,-0.0008,0.0049,0,0.04,-0.03,0.21,-0.05,-0.24,0.36,-0.07,0.01
"Penguins","PIT","23-24",82,4049.75,3.18,2.03,0.0036,0.0025,0.19,0.12,0.17,0.11,0.07,0.06,-0.22,0.1,0.01
"Blues","STL","09-10",82,3852.92,0.39,-0.14,-0.0016,0.0015,0.02,-0.01,-0.07,0.06,0.03,-0.13,0.06,0.04,0
"Senators","OTT","11-12",82,3996.93,2.79,2.14,-0.0028,0.0019,0.16,0.12,-0.12,0.08,0.04,-0.2,0.15,0.01,0
"Senators","OTT","12-13",48,2356.32,5.33,0.91,-0.0036,-0.004,0.3,0.05,-0.16,-0.16,0.25,0,-0.48,0.23,0
"Flames","CGY","14-15",82,4158.72,-4.61,2.44,0.0016,-0.0005,-0.26,0.14,0.06,-0.02,-0.39,0.08,0.3,0,0
"Blackhawks","CHI","15-16",82,4098.02,0.43,-0.4,0.0007,0.0046,0.02,-0.02,0.03,0.18,0.05,-0.15,-0.12,0.22,0
"Avalanche","COL","18-19",82,3952.47,0.12,-0.55,-0.004,-0.0028,0.01,-0.03,-0.17,-0.12,0.04,-0.05,0.09,-0.07,0
"Blackhawks","CHI","11-12",82,4091.08,2.04,-2.42,0.0007,0.0017,0.12,-0.14,0.03,0.06,0.25,-0.03,0.07,-0.3,-0.01
"Coyotes","ARI","13-14",82,4067.85,0.21,0.3,-0.0056,0.0002,0.01,0.02,-0.23,0.01,0,-0.24,0.06,0.18,-0.01
"Jets","WPG","16-17",82,4002.37,-1.77,-0.3,0.0051,0.0004,-0.1,-0.02,0.2,0.01,-0.08,0.18,0.11,-0.23,-0.01
"Oilers","EDM","20-21",56,2783.3,-1,0.45,-0.0006,-0.0025,-0.06,0.03,-0.02,-0.1,-0.09,0.08,0.19,-0.2,-0.01
"Jets","WPG","21-22",82,4112.72,0.94,1.52,0.0011,0.0019,0.06,0.1,0.05,0.08,-0.04,-0.03,-0.3,0.36,-0.01
"Canadiens","MTL","08-09",82,3794.8,-1.11,2.98,0.0011,0.0001,-0.06,0.17,0.04,0,-0.24,0.04,0.1,0.08,-0.02
"Panthers","FLA","17-18",82,4078.23,2.11,1.83,-0.0035,0.0001,0.12,0.1,-0.16,0,0.02,-0.16,0.12,0.01,-0.02
"Blue Jackets","CBJ","19-20",70,3571.73,-0.43,-1.27,-0.0051,-0.0073,-0.03,-0.08,-0.21,-0.3,0.05,0.09,-0.08,-0.08,-0.02
"Jets","WPG","19-20",71,3611.93,-1.98,2.66,-0.0068,0.002,-0.12,0.16,-0.27,0.09,-0.28,-0.36,0.31,0.31,-0.02
"Islanders","NYI","24-25",82,4190.42,1.07,0.77,0.0013,0.0024,0.06,0.05,0.05,0.1,0.02,-0.04,-0.18,0.19,-0.02
"Coyotes","ARI","23-24",82,4047.12,-2.28,1.94,0.0052,0.0021,-0.14,0.12,0.21,0.09,-0.26,0.12,-0.02,0.14,-0.02
"Panthers","FLA","14-15",82,4136.52,0.24,-1.07,-0.0025,-0.0045,0.01,-0.06,-0.1,-0.18,0.07,0.08,-0.06,-0.12,-0.03
"Ducks","ANA","15-16",82,4010.23,2.52,-3.23,0.0011,0.0019,0.14,-0.18,0.05,0.07,0.31,-0.02,-0.35,0.03,-0.03
"Coyotes","ARI","19-20",70,3501.43,0.39,3.15,-0.0048,-0.0068,0.02,0.19,-0.2,-0.31,-0.17,0.1,-0.12,0.15,-0.03
"Sabres","BUF","22-23",82,4102.22,1.04,0.25,0.0032,0.0061,0.07,0.02,0.14,0.26,0.05,-0.12,0.17,-0.13,-0.03
"Bruins","BOS","16-17",82,4030.5,4.82,-4.57,-0.003,-0.0012,0.27,-0.26,-0.14,-0.05,0.53,-0.09,-0.18,-0.3,-0.04
"Blackhawks","CHI","18-19",82,4131.67,-0.85,2.27,-0.0021,0.0041,-0.05,0.13,-0.09,0.18,-0.18,-0.27,0.42,-0.01,-0.04
"Panthers","FLA","19-20",69,3454.95,-0.15,-0.05,-0.0033,0.0013,-0.01,0,-0.14,0.05,-0.01,-0.19,0.43,-0.27,-0.04
"Kings","L.A","11-12",82,3977.25,4.06,-2.17,-0.0048,-0.0022,0.23,-0.12,-0.21,-0.08,0.35,-0.13,-0.46,0.2,-0.05
"Flyers","PHI","13-14",82,3891.55,0.3,1.27,-0.0015,-0.0029,0.02,0.07,-0.06,-0.12,-0.05,0.06,0.09,-0.15,-0.05
"Stars","DAL","11-12",82,4041.37,0.44,1.33,-0.0061,-0.0031,0.03,0.08,-0.25,-0.13,-0.05,-0.12,0.18,-0.08,-0.06
"Canucks","VAN","13-14",82,4056.63,1.36,-1.33,-0.0031,0.0011,0.08,-0.07,-0.13,0.04,0.15,-0.17,-0.07,0.03,-0.06
"Canadiens","MTL","15-16",82,4050.95,0.84,-0.97,0.0009,0.0026,0.05,-0.05,0.04,0.1,0.1,-0.06,0.02,-0.11,-0.06
"Islanders","NYI","19-20",68,3495.72,-3.36,1.59,0.0032,-0.0051,-0.2,0.1,0.12,-0.22,-0.3,0.35,-0.1,0,-0.06
"Canadiens","MTL","20-21",56,2834.72,2.77,-2.73,-0.0056,-0.0034,0.17,-0.17,-0.24,-0.13,0.34,-0.11,-0.05,-0.24,-0.06
"Islanders","NYI","21-22",82,4169.55,-4.1,1.74,0.0017,-0.0009,-0.26,0.11,0.06,-0.04,-0.37,0.1,-0.07,0.27,-0.06
"Flyers","PHI","08-09",82,3829.57,0.18,2.93,0.0005,-0.0004,0.01,0.17,0.02,-0.02,-0.16,0.04,0.1,-0.04,-0.07
"Avalanche","COL","11-12",82,4117.88,1.17,0.93,-0.0027,-0.0025,0.07,0.05,-0.11,-0.1,0.01,-0.01,-0.1,0.03,-0.07
"Canucks","VAN","14-15",82,4052.87,-0.21,-0.25,-0.0018,0.0041,-0.01,-0.01,-0.07,0.16,0,-0.24,0.19,-0.02,-0.07
"Predators","NSH","15-16",82,4040.85,1.27,-4.09,-0.0022,-0.0005,0.07,-0.22,-0.09,-0.02,0.29,-0.07,-0.04,-0.24,-0.07
"Kings","L.A","16-17",82,4080.72,2.64,-4.06,-0.0002,0.0025,0.15,-0.23,-0.01,0.09,0.38,-0.1,-0.4,0.06,-0.07
"Blues","STL","22-23",82,4124.82,-4.4,2.05,0.0004,0.003,-0.28,0.13,0.02,0.13,-0.4,-0.12,0.39,0.06,-0.07
"Capitals","WSH","22-23",82,4118.13,-0.11,1.12,0.0017,0.0014,-0.01,0.07,0.07,0.06,-0.08,0.01,-0.01,0.01,-0.07
"Wild","MIN","24-25",82,4191.38,-2,1.32,-0.0023,-0.0052,-0.12,0.08,-0.09,-0.22,-0.2,0.13,-0.12,0.11,-0.07
"Canadiens","MTL","09-10",82,4036.3,-2.66,2.35,-0.0028,-0.0026,-0.15,0.14,-0.11,-0.11,-0.29,0.01,-0.01,0.22,-0.08
"Devils","N.J","11-12",82,4083.3,-5.03,-6.08,0.003,-0.0006,-0.28,-0.34,0.11,-0.02,0.06,0.13,0.02,-0.29,-0.08
"Jets","WPG","13-14",82,4056.68,1.53,0.75,0.0035,0.0037,0.08,0.04,0.15,0.15,0.04,0,-0.11,-0.02,-0.08
"Lightning","T.B","16-17",82,4038.37,0.22,-0.29,-0.0015,-0.0032,0.01,-0.02,-0.06,-0.13,0.03,0.07,-0.04,-0.14,-0.08
"Devils","N.J","24-25",82,4132.25,-0.35,-1.6,0.0044,0.002,-0.02,-0.1,0.18,0.08,0.08,0.1,-0.39,0.14,-0.08
"Bruins","BOS","09-10",82,4093.75,1.42,-2.8,-0.0059,-0.0048,0.08,-0.16,-0.25,-0.18,0.24,-0.07,-0.15,-0.11,-0.09
"Jets","WPG","12-13",48,2422.92,1.29,2.27,0.0016,0.0018,0.07,0.13,0.07,0.08,-0.06,-0.01,0.04,-0.07,-0.09
"Sharks","S.J","12-13",48,2415.22,3.13,-0.24,0,-0.0036,0.18,-0.01,0,-0.14,0.19,0.14,-0.51,0.08,-0.1
"Devils","N.J","17-18",82,4064.3,-0.61,1.03,0.0011,-0.0014,-0.04,0.06,0.05,-0.06,-0.09,0.11,0,-0.12,-0.1
"Penguins","PIT","17-18",82,4056.28,3.23,-1.88,0.0021,0.003,0.19,-0.11,0.1,0.12,0.29,-0.03,-0.15,-0.22,-0.1
"Wild","MIN","23-24",82,4010.02,-2.01,-1.35,-0.0025,-0.0059,-0.12,-0.08,-0.1,-0.24,-0.04,0.14,0.08,-0.29,-0.1
"Canadiens","MTL","23-24",82,4074,-3.4,3.45,0.0054,0.0048,-0.21,0.21,0.21,0.22,-0.42,-0.01,-0.07,0.4,-0.1
"Stars","DAL","08-09",82,3840.48,-0.82,-1.38,-0.0062,-0.0034,-0.05,-0.08,-0.25,-0.13,0.03,-0.11,0.4,-0.43,-0.11
"Predators","NSH","08-09",82,3863.32,-1.35,0.59,-0.0034,-0.0002,-0.08,0.03,-0.13,-0.01,-0.11,-0.13,0.02,0.11,-0.11
"Hurricanes","CAR","10-11",81,3903.65,1.4,6.49,0.004,0.0022,0.08,0.37,0.17,0.11,-0.29,0.07,-0.13,0.24,-0.11
"Islanders","NYI","12-13",48,2426.5,1.14,-0.58,0.0074,0.0049,0.06,-0.03,0.3,0.19,0.1,0.11,-0.26,-0.06,-0.11
"Flyers","PHI","14-15",82,4082.65,-1.74,0.58,-0.0022,-0.0004,-0.1,0.03,-0.08,-0.02,-0.13,-0.07,-0.07,0.15,-0.11
"Red Wings","DET","15-16",82,4028.63,-0.17,-0.9,0.004,0.0038,-0.01,-0.05,0.16,0.15,0.04,0.01,-0.27,0.11,-0.11
"Penguins","PIT","22-23",82,4009.02,4.82,0.66,0.0052,0.0028,0.3,0.04,0.25,0.12,0.26,0.13,-0.55,0.05,-0.11
"Kraken","SEA","23-24",82,4130.82,-0.9,-0.63,-0.0001,-0.0027,-0.05,-0.04,0,-0.11,-0.02,0.11,-0.38,0.17,-0.11
"Sabres","BUF","19-20",69,3469.17,-3.26,-0.79,-0.0063,-0.0048,-0.2,-0.05,-0.24,-0.2,-0.15,-0.04,0.27,-0.19,-0.12
"Canucks","VAN","19-20",69,3367.03,0.46,2.09,-0.0029,-0.0009,0.03,0.13,-0.12,-0.04,-0.1,-0.08,0.15,-0.09,-0.12
"Stars","DAL","21-22",82,4131.33,-1.22,-0.33,0.0012,-0.0034,-0.08,-0.02,0.05,-0.14,-0.06,0.19,-0.34,0.09,-0.12
"Blues","STL","20-21",56,2827.43,-3.82,-0.6,-0.0057,-0.0012,-0.23,-0.04,-0.21,-0.05,-0.2,-0.16,0.29,-0.06,-0.12
"Flames","CGY","23-24",82,4075.67,1.58,-0.36,-0.0008,0.0043,0.1,-0.02,-0.03,0.18,0.12,-0.21,-0.03,0.01,-0.12
"Panthers","FLA","09-10",82,3982.08,-2.7,4.69,-0.0029,-0.003,-0.16,0.27,-0.11,-0.14,-0.43,0.03,0.06,0.21,-0.13
"Canadiens","MTL","11-12",82,3944.92,-2.5,0.89,-0.002,-0.0021,-0.14,0.05,-0.08,-0.09,-0.19,0.01,0.14,-0.09,-0.13
"Devils","N.J","13-14",82,4079.33,-3.72,-8.51,0.0039,-0.0002,-0.21,-0.47,0.14,-0.01,0.27,0.15,-0.28,-0.27,-0.13
"Oilers","EDM","17-18",82,4156.3,1.63,0.75,0.0041,0.0039,0.09,0.04,0.18,0.17,0.05,0.02,-0.24,0.04,-0.13
"Predators","NSH","22-23",82,4020.9,-1.43,3.04,0.003,0.0023,-0.09,0.19,0.12,0.11,-0.28,0.02,-0.39,0.52,-0.13
"Flames","CGY","24-25",82,4140.32,1.76,0.09,-0.0028,0.0027,0.11,0.01,-0.12,0.11,0.1,-0.23,-0.35,0.35,-0.14
"Maple Leafs","TOR","10-11",82,3936.07,-1.68,4.07,-0.0028,-0.0035,-0.09,0.23,-0.11,-0.16,-0.32,0.05,0.2,-0.08,-0.15
"Senators","OTT","16-17",82,4091.72,-0.88,1.04,-0.001,-0.0013,-0.05,0.06,-0.04,-0.05,-0.11,0.02,-0.17,0.11,-0.15
"Ducks","ANA","24-25",82,4101.62,-1.1,7.34,0.0012,0.0024,-0.07,0.44,0.05,0.12,-0.51,-0.07,-0.05,0.48,-0.15
"Stars","DAL","09-10",81,3938.92,-1.12,2.55,-0.0043,-0.0065,-0.06,0.15,-0.17,-0.28,-0.21,0.11,0.13,-0.19,-0.16
"Flames","CGY","11-12",82,4095.63,-3.39,1.78,0.0018,-0.0044,-0.19,0.1,0.07,-0.18,-0.29,0.25,-0.08,-0.04,-0.16
"Red Wings","DET","23-24",82,4058.15,-3.78,3.63,0.0017,-0.0004,-0.23,0.22,0.06,-0.02,-0.45,0.08,0.34,-0.13,-0.16
"Devils","N.J","23-24",82,4043.32,0.83,-0.35,0.0067,0.0035,0.05,-0.02,0.29,0.15,0.07,0.14,-0.15,-0.22,-0.16
"Blues","STL","08-09",82,3780.63,-2.34,-1.04,-0.003,-0.0045,-0.14,-0.06,-0.11,-0.18,-0.08,0.06,0.09,-0.24,-0.17
"Sharks","S.J","17-18",82,4134.65,1.49,-1.93,0.0004,0.0014,0.09,-0.11,0.02,0.06,0.2,-0.04,-0.18,-0.14,-0.17
"Senators","OTT","24-25",82,4024.23,0.25,-0.87,-0.0002,0.0002,0.02,-0.05,-0.01,0.01,0.07,-0.02,-0.24,0.02,-0.17
"Red Wings","DET","09-10",82,4021.8,3.69,-1.65,-0.0043,-0.0025,0.21,-0.09,-0.19,-0.1,0.31,-0.09,-0.2,-0.19,-0.18
"Flames","CGY","15-16",82,4074.6,-1.7,0.81,0.0038,0.0023,-0.09,0.04,0.15,0.1,-0.14,0.05,0.11,-0.21,-0.18
"Flames","CGY","17-18",82,4025.05,5.02,-0.33,-0.0016,0.0005,0.29,-0.02,-0.08,0.02,0.31,-0.1,-0.33,-0.07,-0.18
"Bruins","BOS","24-25",82,4111.3,-3.77,0.89,0.0046,0.001,-0.23,0.05,0.17,0.04,-0.28,0.13,-0.05,0.02,-0.18
"Kraken","SEA","24-25",82,4126.27,-0.78,3.31,-0.0028,0.0007,-0.05,0.2,-0.11,0.03,-0.25,-0.15,0.22,-0.01,-0.18
"Avalanche","COL","14-15",82,4105.88,-4.88,5.14,-0.0025,0.0003,-0.27,0.29,-0.09,0.01,-0.56,-0.1,0.38,0.1,-0.19
"Coyotes","ARI","15-16",82,3886.93,-2.51,4.28,-0.0016,-0.0029,-0.14,0.23,-0.06,-0.13,-0.37,0.07,0.1,0.02,-0.19
"Ducks","ANA","10-11",82,3992.63,-4.13,3.54,0.0007,0.0002,-0.23,0.2,0.03,0.01,-0.43,0.02,0.09,0.13,-0.2
"Sabres","BUF","12-13",48,2350.68,-3.83,5.07,-0.0031,-0.0014,-0.22,0.29,-0.11,-0.06,-0.5,-0.05,0.18,0.17,-0.2
"Devils","N.J","14-15",82,4096.72,-6.62,-1.33,0.0026,-0.0001,-0.37,-0.07,0.09,0,-0.29,0.09,-0.23,0.23,-0.2
"Hurricanes","CAR","09-10",81,3835.8,-0.71,3.48,0.0024,0.0053,-0.04,0.2,0.1,0.23,-0.24,-0.14,-0.11,0.26,-0.22
"Lightning","T.B","11-12",82,4055.28,-3.78,1.27,0.0008,-0.0007,-0.21,0.07,0.03,-0.03,-0.28,0.06,0.54,-0.54,-0.22
"Blackhawks","CHI","17-18",82,4037.48,1.85,0.73,0.0005,0.0038,0.11,0.04,0.02,0.17,0.06,-0.15,-0.13,-0.02,-0.22
"Senators","OTT","08-09",82,3830.87,-2.5,-1.67,-0.0029,-0.0027,-0.14,-0.1,-0.11,-0.11,-0.05,0,-0.03,-0.15,-0.23
"Sharks","S.J","14-15",82,4124.82,2.52,0.47,0.0011,0.0009,0.14,0.03,0.05,0.04,0.11,0.01,-0.33,-0.03,-0.23
"Maple Leafs","TOR","09-10",82,3966.15,4.09,0.88,-0.0008,-0.0026,0.24,0.05,-0.03,-0.11,0.19,0.07,-0.21,-0.29,-0.24
"Predators","NSH","12-13",48,2439.93,-5.88,-0.73,0.0013,-0.0061,-0.33,-0.04,0.04,-0.24,-0.29,0.28,-0.04,-0.19,-0.24
"Avalanche","COL","15-16",82,3984.17,-3.21,4.89,-0.0026,0.0004,-0.18,0.27,-0.1,0.02,-0.44,-0.11,0.19,0.12,-0.24
"Stars","DAL","16-17",82,4072.17,1.02,0.96,0.0024,0.0056,0.06,0.05,0.1,0.24,0,-0.13,-0.21,0.1,-0.24
"Flames","CGY","19-20",70,3538,1.16,2.24,-0.0014,-0.0046,0.07,0.13,-0.06,-0.2,-0.06,0.14,-0.14,-0.18,-0.24
"Senators","OTT","13-14",82,3993.3,5.46,4.74,-0.005,0.0006,0.3,0.26,-0.23,0.03,0.04,-0.25,0.06,-0.1,-0.25
"Capitals","WSH","13-14",82,4069.07,-2.52,2.45,-0.001,-0.0012,-0.14,0.14,-0.04,-0.05,-0.28,0.02,0.02,-0.01,-0.25
"Blue Jackets","CBJ","15-16",82,4025.07,-1.34,1.51,0.0109,0.0048,-0.07,0.08,0.42,0.2,-0.16,0.22,-0.33,0.01,-0.25
"Islanders","NYI","17-18",82,4114.33,-2.07,4.1,0.0027,0.0018,-0.12,0.23,0.11,0.08,-0.35,0.03,0.24,-0.17,-0.25
"Thrashers","ATL","09-10",82,3856.9,-2.12,2.47,0.0016,0.0041,-0.12,0.14,0.06,0.18,-0.26,-0.12,0.24,-0.12,-0.26
"Oilers","EDM","11-12",82,3998.23,-2.63,1.37,0.0037,0.007,-0.15,0.08,0.14,0.29,-0.23,-0.15,-0.14,0.26,-0.26
"Hurricanes","CAR","13-14",82,4074.17,2.2,3.29,0.0011,0.0022,0.12,0.18,0.05,0.1,-0.06,-0.05,-0.34,0.19,-0.26
"Oilers","EDM","19-20",71,3574.07,-2.16,-0.15,0.001,0.0007,-0.13,-0.01,0.04,0.03,-0.12,0.01,0.05,-0.21,-0.26
"Thrashers","ATL","08-09",82,3773.65,-3.51,2.95,0.0039,0.0034,-0.2,0.17,0.15,0.15,-0.37,0,0.16,-0.06,-0.27
"Rangers","NYR","08-09",82,3853.03,4.02,-0.36,0.0033,0.0093,0.23,-0.02,0.15,0.37,0.25,-0.22,-0.65,0.35,-0.27
"Wild","MIN","09-10",82,3931.42,-3.69,-0.18,-0.0035,-0.0086,-0.21,-0.01,-0.13,-0.35,-0.2,0.22,0.15,-0.44,-0.27
"Blues","STL","23-24",82,4092.93,-3.95,3.5,0.0019,0.0029,-0.24,0.21,0.07,0.13,-0.45,-0.06,-0.1,0.35,-0.27
"Wild","MIN","08-09",82,3901.67,-3.7,0.48,-0.0095,-0.0096,-0.21,0.03,-0.35,-0.39,-0.24,0.04,0.19,-0.28,-0.28
"Wild","MIN","12-13",48,2389.43,-2.73,-1.81,0,-0.006,-0.15,-0.1,0,-0.23,-0.05,0.23,-0.01,-0.45,-0.28
"Wild","MIN","18-19",82,4077.03,0.23,-1.78,-0.0043,-0.0094,0.01,-0.11,-0.18,-0.38,0.12,0.2,-0.23,-0.37,-0.28
"Lightning","T.B","23-24",82,4081.45,-1.95,-2.21,0.0007,0.0044,-0.12,-0.13,0.03,0.18,0.02,-0.15,0.16,-0.31,-0.28
"Panthers","FLA","10-11",82,4026.05,0.24,1.14,-0.0007,-0.0042,0.01,0.06,-0.03,-0.18,-0.05,0.15,-0.16,-0.23,-0.29
"Blue Jackets","CBJ","14-15",82,4001.68,-2.46,3.09,0.0002,-0.0014,-0.14,0.17,0.01,-0.06,-0.31,0.07,0.14,-0.18,-0.29
"Ducks","ANA","18-19",82,4075.73,-2.75,3.06,-0.0024,0.0015,-0.16,0.18,-0.09,0.07,-0.34,-0.16,-0.17,0.39,-0.29
"Canucks","VAN","24-25",82,4133.08,-3.09,-1.33,0.0019,0.0012,-0.18,-0.08,0.07,0.05,-0.11,0.02,-0.07,-0.14,-0.29
"Maple Leafs","TOR","08-09",81,3901.4,2.16,3.08,-0.0035,-0.0021,0.12,0.18,-0.15,-0.09,-0.05,-0.06,0.26,-0.45,-0.3
"Senators","OTT","09-10",82,3945.13,-0.62,-3.65,0.0016,0.0002,-0.04,-0.21,0.06,0.01,0.18,0.06,-0.1,-0.42,-0.3
"Ducks","ANA","11-12",82,4021.32,-2.24,0.67,-0.0004,0.001,-0.13,0.04,-0.02,0.04,-0.16,-0.06,-0.02,-0.06,-0.3
"Maple Leafs","TOR","11-12",82,4104.3,-0.95,3.15,0.0013,0.0005,-0.05,0.18,0.05,0.02,-0.23,0.03,0.15,-0.25,-0.3
"Predators","NSH","13-14",82,4115.42,-1.51,-0.69,-0.0019,-0.0065,-0.08,-0.04,-0.07,-0.26,-0.05,0.19,0.17,-0.6,-0.3
"Maple Leafs","TOR","13-14",82,4074.5,-3.79,10.61,-0.0011,-0.0032,-0.21,0.59,-0.04,-0.16,-0.8,0.12,0.2,0.18,-0.3
"Thrashers","ATL","10-11",82,4067.63,0.64,1.12,-0.0006,0.0043,0.04,0.06,-0.03,0.18,-0.03,-0.21,-0.13,0.06,-0.31
"Blue Jackets","CBJ","10-11",82,3965.03,-0.79,-1.18,-0.0004,-0.0006,-0.04,-0.07,-0.02,-0.02,0.02,0.01,-0.03,-0.31,-0.31
"Devils","N.J","15-16",82,4016.63,-7.76,-3.06,0.0051,0.0028,-0.43,-0.17,0.16,0.11,-0.26,0.06,-0.23,0.11,-0.31
"Canucks","VAN","22-23",82,4088.43,-4.3,0.15,0.0027,0.0039,-0.27,0.01,0.1,0.16,-0.28,-0.06,0.15,-0.12,-0.31
"Kings","L.A","19-20",70,3523.87,3.04,-0.93,-0.0043,-0.001,0.18,-0.06,-0.19,-0.04,0.24,-0.15,-0.37,-0.03,-0.32
"Flyers","PHI","12-13",48,2281.02,-0.66,2.1,-0.0019,-0.0006,-0.04,0.12,-0.07,-0.02,-0.16,-0.05,0.14,-0.26,-0.33
"Coyotes","ARI","17-18",82,4162.87,-2.51,3.67,-0.0024,-0.0023,-0.14,0.21,-0.1,-0.11,-0.35,0.01,-0.05,0.07,-0.33
"Red Wings","DET","24-25",82,4200.5,-2.45,0.92,0.0019,0.0032,-0.15,0.06,0.07,0.14,-0.2,-0.06,-0.3,0.24,-0.33
"Devils","N.J","12-13",48,2346.82,-2.19,-9.13,0.0005,0.0009,-0.12,-0.52,0.02,0.03,0.39,-0.01,-0.51,-0.21,-0.34
"Flyers","PHI","16-17",82,4062.02,0.27,-1.84,-0.0008,0.0027,0.01,-0.1,-0.03,0.1,0.12,-0.14,-0.29,-0.03,-0.34
"Islanders","NYI","09-10",81,3890.58,-0.34,2.55,0.005,0.0034,-0.02,0.15,0.2,0.15,-0.17,0.05,-0.23,-0.01,-0.35
"Hurricanes","CAR","17-18",82,4196.48,3.07,-2.65,-0.0004,0.0012,0.18,-0.15,-0.02,0.05,0.33,-0.07,-0.27,-0.35,-0.35
"Senators","OTT","22-23",82,3886.87,2.91,0.19,0.0016,0.002,0.18,0.01,0.07,0.08,0.17,-0.01,-0.38,-0.12,-0.35
"Canadiens","MTL","24-25",82,4075.98,-3.01,2.31,0.0086,0.0077,-0.18,0.14,0.33,0.34,-0.32,-0.01,-0.15,0.13,-0.35
"Kings","L.A","08-09",82,3769.95,0.1,-0.9,-0.003,-0.0047,0.01,-0.05,-0.12,-0.18,0.06,0.06,-0.33,-0.16,-0.37
"Wild","MIN","10-11",82,3969.78,-5.73,2.63,-0.0046,-0.0048,-0.32,0.15,-0.16,-0.21,-0.47,0.05,0.15,-0.09,-0.37
"Red Wings","DET","17-18",82,4102.82,-1.71,-0.36,-0.001,0.0007,-0.1,-0.02,-0.04,0.03,-0.08,-0.07,-0.08,-0.13,-0.37
"Coyotes","ARI","18-19",82,4078.72,-0.85,0.48,-0.0028,-0.0031,-0.05,0.03,-0.12,-0.14,-0.08,0.02,-0.31,0,-0.37
"Panthers","FLA","18-19",82,4108.18,-0.39,-0.27,-0.0039,0.0012,-0.02,-0.02,-0.16,0.05,-0.01,-0.22,0.15,-0.3,-0.38
"Devils","N.J","20-21",56,2816.3,-0.2,1.22,-0.0041,-0.0038,-0.01,0.07,-0.16,-0.16,-0.09,0,0.05,-0.33,-0.38
"Blue Jackets","CBJ","23-24",82,4128.25,-0.26,4.52,0.0001,0.0043,-0.02,0.28,0,0.2,-0.29,-0.19,0.08,0.02,-0.38
"Red Wings","DET","16-17",82,4133.75,-2.77,0.68,0.001,0.0017,-0.16,0.04,0.04,0.07,-0.19,-0.03,-0.02,-0.14,-0.39
"Devils","N.J","10-11",82,4098.9,-3.53,-6.22,-0.0028,-0.0022,-0.2,-0.35,-0.1,-0.08,0.15,-0.03,-0.2,-0.32,-0.4
"Oilers","EDM","12-13",48,2321.97,-3.15,5.44,0.0014,0.0026,-0.18,0.31,0.05,0.12,-0.49,-0.07,-0.04,0.2,-0.4
"Ducks","ANA","19-20",71,3558.52,-0.8,3.06,-0.0035,-0.0009,-0.05,0.18,-0.14,-0.04,-0.23,-0.1,-0.12,0.05,-0.4
"Panthers","FLA","11-12",82,4118.27,-1.38,0.02,-0.0068,-0.0021,-0.08,0,-0.27,-0.09,-0.08,-0.18,-0.11,-0.04,-0.41
"Kings","L.A","18-19",82,4159.4,-3.53,1.69,-0.0017,-0.0029,-0.21,0.1,-0.07,-0.13,-0.31,0.06,-0.14,-0.02,-0.41
"Senators","OTT","23-24",82,4036.98,0.8,-0.56,0.0001,0.0032,0.05,-0.03,0,0.13,0.08,-0.13,-0.03,-0.33,-0.41
"Hurricanes","CAR","11-12",82,4059.73,0.89,4.32,0.0023,0.0044,0.05,0.24,0.09,0.19,-0.19,-0.1,-0.33,0.19,-0.42
"Canucks","VAN","17-18",82,4078.33,-3.37,1.35,-0.0026,-0.0003,-0.19,0.08,-0.1,-0.01,-0.27,-0.09,-0.03,-0.02,-0.42
"Red Wings","DET","18-19",82,4150.83,-3.7,2.81,-0.0016,0.001,-0.22,0.17,-0.06,0.04,-0.39,-0.11,0.02,0.05,-0.42
"Flyers","PHI","18-19",82,4074.53,-1.73,1.61,-0.0006,-0.0016,-0.1,0.1,-0.03,-0.07,-0.2,0.05,0.15,-0.42,-0.42
"Lightning","T.B","08-09",82,3769.67,-3.19,2.17,-0.0031,-0.0058,-0.18,0.13,-0.11,-0.25,-0.31,0.13,0.05,-0.3,-0.43
"Sabres","BUF","15-16",82,4106.38,-2.83,2.22,-0.0022,-0.0038,-0.16,0.12,-0.08,-0.16,-0.28,0.08,-0.12,-0.12,-0.43
"Hurricanes","CAR","16-17",82,4186.9,0.25,-0.22,0.0047,0.004,0.01,-0.01,0.19,0.16,0.03,0.03,-0.38,-0.11,-0.43
"Coyotes","ARI","20-21",56,2751.82,-1.64,1.24,-0.0035,-0.004,-0.1,0.08,-0.14,-0.17,-0.18,0.03,-0.03,-0.25,-0.43
"Lightning","T.B","09-10",82,3879.98,-3.02,1.36,0.0004,-0.0012,-0.17,0.08,0.01,-0.05,-0.25,0.06,-0.02,-0.23,-0.44
"Hurricanes","CAR","15-16",82,4177.77,0.32,-0.64,0.0046,0.0069,0.02,-0.04,0.19,0.27,0.05,-0.09,-0.41,0,-0.44
"Rangers","NYR","18-19",82,4096.52,-4.23,3.14,0.0038,0.0002,-0.25,0.19,0.14,0.01,-0.44,0.13,-0.18,0.05,-0.44
"Flyers","PHI","23-24",82,4045.02,2.86,-3.11,-0.0004,0.0018,0.17,-0.19,-0.02,0.07,0.36,-0.09,-0.3,-0.42,-0.44
"Rangers","NYR","17-18",82,4099.4,-2.91,5.05,0.0066,0.0022,-0.17,0.29,0.26,0.11,-0.46,0.16,-0.26,0.11,-0.45
"Avalanche","COL","10-11",82,3981.57,-2.97,2.9,0.0027,-0.0027,-0.17,0.16,0.1,-0.12,-0.33,0.22,0.02,-0.36,-0.46
"Canucks","VAN","18-19",82,4090.13,-2.6,1.43,-0.0047,-0.0009,-0.15,0.08,-0.19,-0.04,-0.24,-0.14,0.05,-0.12,-0.46
"Blue Jackets","CBJ","21-22",82,4119.18,-1.45,5.07,-0.0048,-0.001,-0.09,0.32,-0.19,-0.05,-0.41,-0.14,0.4,-0.31,-0.46
"Coyotes","ARI","08-09",81,3867.75,-3.9,4.05,-0.0057,-0.006,-0.23,0.23,-0.21,-0.27,-0.46,0.06,0.17,-0.24,-0.47
"Sabres","BUF","16-17",82,4129.33,-1.28,3.61,-0.0031,-0.0044,-0.07,0.2,-0.12,-0.2,-0.28,0.07,-0.21,-0.06,-0.47
"Panthers","FLA","16-17",82,4063.42,0.58,0.65,-0.0039,0.0012,0.03,0.04,-0.16,0.05,0,-0.21,-0.11,-0.15,-0.47
"Canucks","VAN","16-17",82,4124.9,-4.53,1.78,0.0002,0.002,-0.25,0.1,0.01,0.09,-0.36,-0.08,-0.12,0.09,-0.47
"Oilers","EDM","18-19",82,4138.8,-3.61,0.5,0.0004,0.0015,-0.21,0.03,0.01,0.06,-0.24,-0.05,-0.07,-0.11,-0.47
"Flyers","PHI","22-23",82,4116.55,-2.23,1.11,-0.0005,0.0013,-0.14,0.07,-0.02,0.06,-0.21,-0.08,-0.19,0.01,-0.47
"Flyers","PHI","21-22",82,4069.27,-2.55,4.37,-0.002,-0.0013,-0.16,0.27,-0.08,-0.06,-0.43,-0.02,0.07,-0.1,-0.48
"Islanders","NYI","13-14",82,4075.57,-0.63,1.83,0.008,0.0062,-0.04,0.1,0.32,0.26,-0.14,0.06,-0.39,-0.03,-0.49
"Canadiens","MTL","17-18",82,4070.73,-0.5,0.04,0.0021,-0.0005,-0.03,0,0.09,-0.02,-0.03,0.11,-0.53,-0.04,-0.49
"Senators","OTT","21-22",82,4072.8,-1.68,2.15,-0.0025,0,-0.11,0.13,-0.1,0,-0.24,-0.1,-0.14,-0.01,-0.49
"Flyers","PHI","24-25",82,4210.67,-1.95,-1.12,0.0079,-0.0008,-0.12,-0.07,0.31,-0.03,-0.05,0.35,-0.19,-0.6,-0.5
"Flames","CGY","13-14",82,4131.98,-4.13,-0.06,-0.0018,0.0017,-0.23,0,-0.06,0.07,-0.23,-0.13,0.13,-0.29,-0.51
"Ducks","ANA","21-22",82,4181.25,-2.31,2.29,-0.0018,-0.0017,-0.14,0.14,-0.07,-0.08,-0.29,0.01,-0.06,-0.17,-0.51
"Flyers","PHI","20-21",56,2800.57,-0.44,-1.16,-0.0044,-0.0038,-0.03,-0.07,-0.18,-0.15,0.04,-0.03,0.18,-0.71,-0.51
"Hurricanes","CAR","12-13",48,2349.85,4.79,5.1,0.0019,0.0072,0.27,0.29,0.08,0.32,-0.02,-0.24,-0.3,0.03,-0.52
"Avalanche","COL","12-13",48,2365.97,-0.61,3.21,-0.002,-0.0012,-0.03,0.18,-0.08,-0.05,-0.22,-0.03,-0.02,-0.25,-0.52
"Oilers","EDM","15-16",82,4049.7,-1.29,2.29,0.0059,0.0039,-0.07,0.13,0.23,0.16,-0.2,0.06,-0.3,-0.09,-0.52
"Canucks","VAN","15-16",82,4079.63,-3.06,3.02,-0.0001,0.0054,-0.17,0.17,0,0.24,-0.33,-0.24,-0.14,0.2,-0.52
"Senators","OTT","19-20",71,3542.33,-0.47,3.62,-0.0003,-0.0031,-0.03,0.22,-0.01,-0.14,-0.25,0.13,-0.23,-0.19,-0.53
"Capitals","WSH","23-24",82,4147.13,-5.18,1.34,0.006,0.0016,-0.32,0.08,0.22,0.07,-0.4,0.15,-0.34,0.05,-0.53
"Devils","N.J","16-17",82,4065.75,-3.75,1.07,0.0009,0.0004,-0.21,0.06,0.03,0.02,-0.27,0.02,-0.34,0.05,-0.54
"Ducks","ANA","20-21",56,2842.15,-3,1.65,-0.0046,-0.0001,-0.18,0.1,-0.17,0,-0.28,-0.17,0.09,-0.18,-0.54
"Canucks","VAN","20-21",56,2747.82,-1.04,5.4,-0.0029,0.0011,-0.06,0.33,-0.11,0.05,-0.4,-0.16,0.07,-0.05,-0.54
"Devils","N.J","21-22",82,4170.32,0.73,1.78,-0.0013,-0.0039,0.05,0.11,-0.05,-0.17,-0.07,0.12,0.09,-0.68,-0.54
"Coyotes","ARI","16-17",82,4109.98,-2.92,8.09,-0.0036,0.0009,-0.16,0.46,-0.14,0.05,-0.62,-0.18,0.02,0.24,-0.55
"Blue Jackets","CBJ","09-10",81,3872.03,-4.91,-0.32,-0.0031,-0.0039,-0.28,-0.02,-0.11,-0.16,-0.26,0.05,0.15,-0.49,-0.56
"Senators","OTT","20-21",56,2757.5,0.61,4.32,-0.0048,-0.0048,0.04,0.27,-0.19,-0.21,-0.23,0.02,0.1,-0.46,-0.57
"Maple Leafs","TOR","14-15",82,4003.63,-1.69,6.38,-0.0017,0.0007,-0.09,0.35,-0.06,0.03,-0.45,-0.1,0.01,-0.04,-0.58
"Sabres","BUF","18-19",82,4142.15,0.46,1.72,-0.0071,-0.0029,0.03,0.1,-0.31,-0.13,-0.07,-0.18,0.04,-0.36,-0.58
"Penguins","PIT","24-25",82,4168.13,0.35,1.54,0.0035,0.0041,0.02,0.09,0.15,0.17,-0.07,-0.03,-0.27,-0.21,-0.58
"Kraken","SEA","21-22",82,4121.62,-3.53,-2.52,-0.0066,-0.003,-0.22,-0.16,-0.26,-0.12,-0.06,-0.14,0.1,-0.49,-0.59
"Islanders","NYI","10-11",82,3947.92,-2.57,4.27,0.0068,0.0071,-0.14,0.24,0.26,0.32,-0.39,-0.06,-0.2,0.05,-0.6
"Blackhawks","CHI","20-21",56,2803.48,-4.57,4.17,0.0006,0.0016,-0.28,0.26,0.02,0.07,-0.54,-0.05,0.09,-0.1,-0.6
"Coyotes","ARI","22-23",82,3998.5,-6.78,3.78,0.0026,0.0019,-0.42,0.24,0.09,0.09,-0.66,0.01,0.01,0.05,-0.6
"Canadiens","MTL","22-23",82,4049.45,-5.6,2.89,0.0041,0.0077,-0.35,0.18,0.15,0.35,-0.53,-0.2,0.05,0.08,-0.6
"Blue Jackets","CBJ","11-12",82,3944.93,-3.19,1.17,-0.0022,-0.0051,-0.18,0.07,-0.08,-0.21,-0.25,0.13,-0.03,-0.47,-0.61
"Panthers","FLA","13-14",82,4034.2,-0.61,0.96,-0.0006,0.0008,-0.03,0.05,-0.03,0.03,-0.09,-0.06,-0.09,-0.38,-0.61
"Kings","L.A","20-21",56,2763.87,-2.3,2.31,-0.005,0.0021,-0.14,0.14,-0.19,0.09,-0.28,-0.28,0,-0.05,-0.61
"Hurricanes","CAR","14-15",82,4187.52,1.09,-0.89,0.0006,0.0041,0.06,-0.05,0.02,0.16,0.11,-0.14,-0.5,-0.09,-0.62
"Sharks","S.J","21-22",82,4160.48,-3.77,2.72,-0.0017,-0.0032,-0.24,0.17,-0.07,-0.14,-0.41,0.08,-0.16,-0.13,-0.62
"Red Wings","DET","20-21",56,2818.78,-4.76,3.15,-0.0035,-0.0057,-0.29,0.19,-0.12,-0.25,-0.49,0.12,-0.13,-0.14,-0.63
"Red Wings","DET","22-23",82,4051.75,-5.66,0.05,0.0007,0,-0.35,0,0.03,0,-0.36,0.03,-0.08,-0.22,-0.63
"Devils","N.J","18-19",82,4034.38,-2.85,2.69,-0.0014,-0.0046,-0.17,0.16,-0.06,-0.21,-0.33,0.15,-0.07,-0.41,-0.65
"Avalanche","COL","08-09",82,3900.4,-3.33,1.14,-0.0047,-0.008,-0.19,0.07,-0.18,-0.33,-0.26,0.16,0,-0.56,-0.66
"Oilers","EDM","10-11",82,3923.35,-5.43,2.88,0.0038,0.0069,-0.31,0.16,0.14,0.3,-0.47,-0.17,-0.16,0.13,-0.66
"Maple Leafs","TOR","15-16",82,4005.23,2.17,3.92,-0.0002,-0.0016,0.12,0.21,-0.01,-0.07,-0.1,0.06,-0.45,-0.19,-0.67
"Sharks","S.J","19-20",70,3455.47,-1.98,-1.48,-0.0005,0.0032,-0.12,-0.09,-0.02,0.13,-0.03,-0.15,-0.18,-0.31,-0.67
"Wild","MIN","11-12",82,4073.15,-5.36,3.85,-0.0004,-0.0065,-0.3,0.22,-0.01,-0.29,-0.52,0.27,-0.39,-0.04,-0.68
"Senators","OTT","17-18",82,4096.63,-2.46,2.87,-0.0031,-0.0012,-0.14,0.16,-0.13,-0.06,-0.3,-0.07,0.15,-0.45,-0.68
"Sabres","BUF","21-22",82,4167.25,-3.62,1.4,-0.0057,-0.003,-0.23,0.09,-0.22,-0.13,-0.31,-0.09,0.16,-0.46,-0.71
"Ducks","ANA","23-24",82,3960.77,-4.98,2.46,0.001,0.0002,-0.3,0.15,0.04,0.01,-0.45,0.03,-0.22,-0.07,-0.71
"Islanders","NYI","11-12",82,4147.45,-1.58,0.9,0.0067,0.0057,-0.09,0.05,0.26,0.24,-0.14,0.02,-0.54,-0.07,-0.72
"Senators","OTT","18-19",82,4140.42,-3.21,6.13,-0.0002,-0.0037,-0.19,0.36,-0.01,-0.18,-0.55,0.17,0.23,-0.57,-0.72
"Red Wings","DET","21-22",82,4136.08,-4.86,3.32,0.0016,-0.0005,-0.3,0.21,0.06,-0.02,-0.51,0.08,-0.01,-0.28,-0.72
"Oilers","EDM","13-14",82,3993.93,-5.12,5.82,0.0039,0.0014,-0.29,0.32,0.14,0.07,-0.61,0.07,-0.01,-0.21,-0.75
"Sharks","S.J","20-21",56,2782.98,-0.47,3.33,0.0009,-0.0024,-0.03,0.2,0.04,-0.1,-0.23,0.14,-0.18,-0.48,-0.76
"Canadiens","MTL","21-22",82,4063.65,-4.47,4.02,0.0015,0.0021,-0.28,0.25,0.06,0.1,-0.53,-0.04,-0.04,-0.15,-0.76
"Oilers","EDM","09-10",82,3969.32,-2.67,6.25,0.0001,-0.0012,-0.15,0.36,0,-0.06,-0.51,0.06,-0.03,-0.28,-0.77
"Devils","N.J","19-20",69,3396.97,-2.18,3.73,-0.0018,-0.0017,-0.13,0.22,-0.07,-0.08,-0.35,0,-0.13,-0.3,-0.78
"Blue Jackets","CBJ","20-21",56,2927.83,-2.49,3.41,-0.0082,-0.004,-0.15,0.21,-0.31,-0.17,-0.36,-0.13,0.03,-0.37,-0.83
"Blackhawks","CHI","21-22",82,4138.17,-5.99,1.56,-0.0033,-0.0057,-0.37,0.1,-0.12,-0.25,-0.47,0.13,0.03,-0.52,-0.83
"Blackhawks","CHI","24-25",82,4189.8,-6.98,3.94,0.003,0.0031,-0.42,0.24,0.1,0.14,-0.65,-0.04,0.06,-0.19,-0.83
"Senators","OTT","10-11",82,3993.95,-1.7,0.32,-0.001,0.0009,-0.1,0.02,-0.04,0.04,-0.11,-0.08,-0.27,-0.39,-0.85
"Islanders","NYI","08-09",82,3816.1,-2.5,5.9,0.0006,-0.0008,-0.14,0.34,0.02,-0.04,-0.49,0.06,-0.29,-0.15,-0.87
"Predators","NSH","24-25",82,4074.5,-0.62,0.31,0.0016,0.0019,-0.04,0.02,0.06,0.08,-0.06,-0.01,-0.49,-0.35,-0.91
"Flames","CGY","12-13",48,2372.72,-2.92,2.14,0.0035,0.0002,-0.17,0.12,0.13,0.01,-0.29,0.12,-0.08,-0.68,-0.92
"Sharks","S.J","22-23",82,4098.75,-1.96,2.24,0.007,0.0041,-0.12,0.14,0.28,0.18,-0.26,0.1,-0.27,-0.49,-0.92
"Sabres","BUF","17-18",82,4036.23,-4.11,1.83,-0.0064,-0.0043,-0.24,0.1,-0.25,-0.19,-0.34,-0.05,-0.13,-0.42,-0.94
"Sabres","BUF","14-15",82,4122.1,-9.97,9.6,0,-0.0029,-0.55,0.53,0,-0.14,-1.09,0.15,-0.06,0.02,-0.99
"Sharks","S.J","24-25",82,4077.68,-3.89,6.02,-0.0008,0.0039,-0.23,0.36,-0.03,0.18,-0.59,-0.22,-0.1,-0.11,-1.01
"Oilers","EDM","14-15",82,4189.4,-2.55,2.6,-0.0013,0.0053,-0.14,0.14,-0.05,0.23,-0.29,-0.28,-0.13,-0.32,-1.02
"Coyotes","ARI","21-22",82,4134.73,-7.33,6.08,-0.0028,-0.001,-0.46,0.38,-0.1,-0.05,-0.84,-0.05,0.28,-0.41,-1.02
"Blackhawks","CHI","22-23",82,4124.07,-6.93,4.43,0.0015,0.0037,-0.43,0.28,0.05,0.17,-0.71,-0.12,-0.19,-0.03,-1.05
"Coyotes","ARI","14-15",82,4093.7,-1.05,4.45,-0.0051,-0.0011,-0.06,0.25,-0.2,-0.05,-0.31,-0.15,-0.39,-0.23,-1.08
"Sabres","BUF","13-14",82,4010.15,-6.95,6.89,-0.0016,-0.002,-0.39,0.38,-0.05,-0.1,-0.77,0.04,-0.36,-0.02,-1.11
"Avalanche","COL","16-17",82,4021.22,-3.42,2.83,-0.006,-0.0029,-0.19,0.16,-0.23,-0.13,-0.35,-0.1,-0.1,-0.6,-1.15
"Sabres","BUF","20-21",56,2869.8,-2.83,5.46,-0.0049,-0.0046,-0.17,0.33,-0.18,-0.21,-0.51,0.03,-0.28,-0.45,-1.21
"Ducks","ANA","22-23",82,4110.97,-6.31,11.24,0.0002,0.0035,-0.4,0.7,0.01,0.19,-1.1,-0.18,-0.04,0.06,-1.26
"Blackhawks","CHI","23-24",82,4080.88,-7.61,6.12,0.0004,0.0033,-0.46,0.37,0.01,0.16,-0.84,-0.15,-0.3,0.02,-1.26
"Blue Jackets","CBJ","22-23",82,4136.75,-4.2,7.77,-0.0003,0.0001,-0.26,0.49,-0.01,0.01,-0.75,-0.02,-0.15,-0.44,-1.36
"Red Wings","DET","19-20",71,3456.4,-6.56,2.56,-0.0027,-0.0007,-0.39,0.15,-0.1,-0.03,-0.55,-0.07,-0.41,-0.37,-1.39
"Panthers","FLA","12-13",48,2398.95,-1.94,3.19,-0.0044,-0.0006,-0.11,0.18,-0.17,-0.03,-0.29,-0.14,-0.36,-0.67,-1.45
"Sharks","S.J","23-24",82,4127.82,-6.05,7.85,0.0002,0.0035,-0.37,0.48,0.01,0.17,-0.85,-0.17,-0.42,-0.14,-1.57
